timestamp,bin_id,location,fill_level,weight_kg,temperature,battery_level,latitude,longitude,status
2026-08-09T14:48:53.288573,BIN_008,Udupi,31,23.21,30.79,59,13.386612,74.743895,Normal
2026-08-09T14:49:53.288573,BIN_006,Manipal,44,31.85,34.55,39,13.389592,74.795714,Normal
2026-08-09T14:50:53.288573,BIN_007,Manipal,42,18.47,31.58,75,13.340145,74.721582,Normal
2026-08-09T14:51:53.288573,BIN_012,Udupi,35,18.57,38.79,90,13.300498,74.776004,Normal
2026-08-09T14:52:53.288573,BIN_020,Malpe,22,10.64,36.95,98,13.33064,74.707462,Normal
2026-08-09T14:53:53.288573,BIN_001,Malpe,14,10.8,39.29,32,13.312241,74.739286,Normal
2026-08-09T14:54:53.288573,BIN_010,Udupi,86,57.59,32.84,26,13.328038,74.706134,Warning
2026-08-09T14:55:53.288573,BIN_019,Kundapura,93,66.39,31.71,24,13.346541,74.799855,Overflow Risk
2026-08-09T14:56:53.288573,BIN_011,Udupi,46,36.25,32.08,100,13.327527,74.745716,Normal
2026-08-09T14:57:53.288573,BIN_003,Udupi,92,57.63,36.1,67,13.36047,74.748956,Overflow Risk
2026-08-09T14:58:53.288573,BIN_007,Manipal,42,23.25,38.34,67,13.340145,74.721582,Normal
2026-08-09T14:59:53.288573,BIN_020,Malpe,18,11.48,30.33,93,13.33064,74.707462,Normal
2026-08-09T15:00:53.288573,BIN_017,Udupi,93,69.57,33.14,42,13.379624,74.705957,Overflow Risk
2026-08-09T15:01:53.288573,BIN_001,Malpe,21,12.25,37.2,90,13.312241,74.739286,Normal
2026-08-09T15:02:53.288573,BIN_010,Udupi,22,16.82,28.61,35,13.328038,74.706134,Normal
2026-08-09T15:03:53.288573,BIN_014,Malpe,27,17.33,26.41,76,13.333329,74.703057,Normal
2026-08-09T15:04:53.288573,BIN_012,Udupi,53,24.0,34.94,63,13.300498,74.776004,Normal
2026-08-09T15:05:53.288573,BIN_003,Udupi,66,47.27,25.39,38,13.36047,74.748956,Normal
2026-08-09T15:06:53.288573,BIN_016,Brahmagiri,32,22.5,34.47,66,13.344545,74.718646,Normal
2026-08-09T15:07:53.288573,BIN_003,Udupi,82,65.34,25.46,46,13.36047,74.748956,Warning
2026-08-09T15:08:53.288573,BIN_005,Malpe,15,11.28,33.04,84,13.351108,74.766898,Normal
2026-08-09T15:09:53.288573,BIN_002,Malpe,43,27.58,32.25,69,13.386811,74.702684,Normal
2026-08-09T15:10:53.288573,BIN_007,Manipal,39,21.1,25.6,20,13.340145,74.721582,Normal
2026-08-09T15:11:53.288573,BIN_001,Malpe,70,45.23,33.47,99,13.312241,74.739286,Warning
2026-08-09T15:12:53.288573,BIN_019,Kundapura,97,68.19,27.37,30,13.346541,74.799855,Overflow Risk
2026-08-09T15:13:53.288573,BIN_012,Udupi,66,35.98,31.98,43,13.300498,74.776004,Normal
2026-08-09T15:14:53.288573,BIN_018,Malpe,12,6.44,31.63,81,13.375596,74.737794,Normal
2026-08-09T15:15:53.288573,BIN_019,Kundapura,19,8.65,28.19,67,13.346541,74.799855,Normal
2026-08-09T15:16:53.288573,BIN_004,Manipal,31,19.16,30.2,85,13.370795,74.705158,Normal
2026-08-09T15:17:53.288573,BIN_020,Malpe,50,24.0,30.42,47,13.33064,74.707462,Normal
2026-08-09T15:18:53.288573,BIN_014,Malpe,86,63.92,31.08,49,13.333329,74.703057,Warning
2026-08-09T15:19:53.288573,BIN_014,Malpe,84,45.98,30.02,30,13.333329,74.703057,Warning
2026-08-09T15:20:53.288573,BIN_016,Brahmagiri,64,36.69,35.3,41,13.344545,74.718646,Normal
2026-08-09T15:21:53.288573,BIN_006,Manipal,65,44.17,37.09,73,13.389592,74.795714,Normal
2026-08-09T15:22:53.288573,BIN_016,Brahmagiri,65,36.66,36.49,73,13.344545,74.718646,Normal
2026-08-09T15:23:53.288573,BIN_005,Malpe,83,34.19,37.31,55,13.351108,74.766898,Warning
2026-08-09T15:24:53.288573,BIN_002,Malpe,11,7.66,36.43,57,13.386811,74.702684,Normal
2026-08-09T15:25:53.288573,BIN_013,Brahmagiri,35,26.0,27.57,41,13.314129,74.74159,Normal
2026-08-09T15:26:53.288573,BIN_019,Kundapura,69,49.15,28.37,23,13.346541,74.799855,Normal
2026-08-09T15:27:53.288573,BIN_005,Malpe,39,22.14,35.99,64,13.351108,74.766898,Normal
2026-08-09T15:28:53.288573,BIN_015,Udupi,37,18.71,37.69,29,13.361485,74.77039,Normal
2026-08-09T15:29:53.288573,BIN_006,Manipal,89,67.89,37.26,71,13.389592,74.795714,Warning
2026-08-09T15:30:53.288573,BIN_011,Udupi,52,36.94,31.51,62,13.327527,74.745716,Normal
2026-08-09T15:31:53.288573,BIN_018,Malpe,58,39.1,25.9,29,13.375596,74.737794,Normal
2026-08-09T15:32:53.288573,BIN_011,Udupi,10,5.04,32.56,80,13.327527,74.745716,Normal
2026-08-09T15:33:53.288573,BIN_015,Udupi,40,28.19,31.29,39,13.361485,74.77039,Normal
2026-08-09T15:34:53.288573,BIN_007,Manipal,47,26.26,25.17,65,13.340145,74.721582,Normal
2026-08-09T15:35:53.288573,BIN_019,Kundapura,89,44.99,38.78,84,13.346541,74.799855,Warning
2026-08-09T15:36:53.288573,BIN_008,Udupi,49,29.86,26.43,71,13.386612,74.743895,Normal
2026-08-09T15:37:53.288573,BIN_018,Malpe,40,18.02,28.85,78,13.375596,74.737794,Normal
2026-08-09T15:38:53.288573,BIN_004,Manipal,44,20.8,28.26,77,13.370795,74.705158,Normal
2026-08-09T15:39:53.288573,BIN_018,Malpe,15,10.94,37.56,28,13.375596,74.737794,Normal
2026-08-09T15:40:53.288573,BIN_002,Malpe,26,18.19,27.68,87,13.386811,74.702684,Normal
2026-08-09T15:41:53.288573,BIN_003,Udupi,85,61.0,34.18,55,13.36047,74.748956,Warning
2026-08-09T15:42:53.288573,BIN_019,Kundapura,75,53.82,38.38,72,13.346541,74.799855,Warning
2026-08-09T15:43:53.288573,BIN_019,Kundapura,58,30.27,34.41,21,13.346541,74.799855,Normal
2026-08-09T15:44:53.288573,BIN_015,Udupi,14,9.11,27.15,43,13.361485,74.77039,Normal
2026-08-09T15:45:53.288573,BIN_010,Udupi,93,41.84,29.61,77,13.328038,74.706134,Overflow Risk
2026-08-09T15:46:53.288573,BIN_019,Kundapura,16,10.36,32.62,48,13.346541,74.799855,Normal
2026-08-09T15:47:53.288573,BIN_007,Manipal,36,22.85,39.33,57,13.340145,74.721582,Normal
2026-08-09T15:48:53.288573,BIN_018,Malpe,82,47.14,29.04,64,13.375596,74.737794,Warning
2026-08-09T15:49:53.288573,BIN_008,Udupi,79,50.45,29.59,54,13.386612,74.743895,Warning
2026-08-09T15:50:53.288573,BIN_009,Kundapura,15,6.8,28.02,67,13.352052,74.799791,Normal
2026-08-09T15:51:53.288573,BIN_016,Brahmagiri,45,27.52,39.31,82,13.344545,74.718646,Normal
2026-08-09T15:52:53.288573,BIN_010,Udupi,76,56.87,29.08,53,13.328038,74.706134,Warning
2026-08-09T15:53:53.288573,BIN_001,Malpe,21,10.76,30.97,77,13.312241,74.739286,Normal
2026-08-09T15:54:53.288573,BIN_020,Malpe,65,38.94,33.18,72,13.33064,74.707462,Normal
2026-08-09T15:55:53.288573,BIN_005,Malpe,24,14.67,31.56,50,13.351108,74.766898,Normal
2026-08-09T15:56:53.288573,BIN_001,Malpe,11,7.38,38.34,63,13.312241,74.739286,Normal
2026-08-09T15:57:53.288573,BIN_016,Brahmagiri,78,45.49,30.81,47,13.344545,74.718646,Warning
2026-08-09T15:58:53.288573,BIN_002,Malpe,58,36.83,31.28,36,13.386811,74.702684,Normal
2026-08-09T15:59:53.288573,BIN_009,Kundapura,37,24.01,35.02,87,13.352052,74.799791,Normal
2026-08-09T16:00:53.288573,BIN_019,Kundapura,67,49.18,25.43,61,13.346541,74.799855,Normal
2026-08-09T16:01:53.288573,BIN_003,Udupi,32,18.63,29.27,86,13.36047,74.748956,Normal
2026-08-09T16:02:53.288573,BIN_016,Brahmagiri,87,57.34,37.41,65,13.344545,74.718646,Warning
2026-08-09T16:03:53.288573,BIN_016,Brahmagiri,70,45.05,38.05,50,13.344545,74.718646,Warning
2026-08-09T16:04:53.288573,BIN_004,Manipal,38,15.4,26.3,89,13.370795,74.705158,Normal
2026-08-09T16:05:53.288573,BIN_004,Manipal,15,9.04,29.86,97,13.370795,74.705158,Normal
2026-08-09T16:06:53.288573,BIN_015,Udupi,23,11.29,30.18,98,13.361485,74.77039,Normal
2026-08-09T16:07:53.288573,BIN_018,Malpe,80,33.21,38.04,26,13.375596,74.737794,Warning
2026-08-09T16:08:53.288573,BIN_006,Manipal,93,60.29,35.27,86,13.389592,74.795714,Overflow Risk
2026-08-09T16:09:53.288573,BIN_007,Manipal,49,27.94,35.21,46,13.340145,74.721582,Normal
2026-08-09T16:10:53.288573,BIN_008,Udupi,13,6.98,32.19,22,13.386612,74.743895,Normal
2026-08-09T16:11:53.288573,BIN_005,Malpe,26,16.95,29.41,45,13.351108,74.766898,Normal
2026-08-09T16:12:53.288573,BIN_008,Udupi,59,30.03,39.78,70,13.386612,74.743895,Normal
2026-08-09T16:13:53.288573,BIN_009,Kundapura,10,6.97,33.15,42,13.352052,74.799791,Normal
2026-08-09T16:14:53.288573,BIN_005,Malpe,36,21.19,30.47,91,13.351108,74.766898,Normal
2026-08-09T16:15:53.288573,BIN_016,Brahmagiri,46,23.6,25.3,83,13.344545,74.718646,Normal
2026-08-09T16:16:53.288573,BIN_007,Manipal,90,43.91,39.71,56,13.340145,74.721582,Overflow Risk
2026-08-09T16:17:53.288573,BIN_004,Manipal,36,20.86,31.61,63,13.370795,74.705158,Normal
2026-08-09T16:18:53.288573,BIN_019,Kundapura,69,48.37,37.56,58,13.346541,74.799855,Normal
2026-08-09T16:19:53.288573,BIN_018,Malpe,77,53.45,33.39,64,13.375596,74.737794,Warning
2026-08-09T16:20:53.288573,BIN_011,Udupi,35,25.71,32.48,87,13.327527,74.745716,Normal
2026-08-09T16:21:53.288573,BIN_010,Udupi,15,9.2,31.22,54,13.328038,74.706134,Normal
2026-08-09T16:22:53.288573,BIN_009,Kundapura,21,11.0,38.27,86,13.352052,74.799791,Normal
2026-08-09T16:23:53.288573,BIN_002,Malpe,26,14.06,29.12,81,13.386811,74.702684,Normal
2026-08-09T16:24:53.288573,BIN_015,Udupi,52,40.11,33.84,79,13.361485,74.77039,Normal
2026-08-09T16:25:53.288573,BIN_018,Malpe,38,21.87,37.24,69,13.375596,74.737794,Normal
2026-08-09T16:26:53.288573,BIN_007,Manipal,100,64.21,39.56,50,13.340145,74.721582,Overflow Risk
2026-08-09T16:27:53.288573,BIN_005,Malpe,33,19.52,27.96,77,13.351108,74.766898,Normal
2026-08-09T16:28:53.288573,BIN_001,Malpe,75,59.08,36.34,73,13.312241,74.739286,Warning
2026-08-09T16:29:53.288573,BIN_018,Malpe,22,9.0,27.65,91,13.375596,74.737794,Normal
2026-08-09T16:30:53.288573,BIN_006,Manipal,14,10.11,39.05,85,13.389592,74.795714,Normal
2026-08-09T16:31:53.288573,BIN_020,Malpe,66,50.05,25.4,40,13.33064,74.707462,Normal
2026-08-09T16:32:53.288573,BIN_006,Manipal,90,57.5,35.96,76,13.389592,74.795714,Overflow Risk
2026-08-09T16:33:53.288573,BIN_014,Malpe,72,54.99,38.59,47,13.333329,74.703057,Warning
2026-08-09T16:34:53.288573,BIN_004,Manipal,85,43.86,34.33,87,13.370795,74.705158,Warning
2026-08-09T16:35:53.288573,BIN_008,Udupi,43,33.08,26.85,67,13.386612,74.743895,Normal
2026-08-09T16:36:53.288573,BIN_006,Manipal,83,66.37,28.8,38,13.389592,74.795714,Warning
2026-08-09T16:37:53.288573,BIN_011,Udupi,88,57.85,39.16,85,13.327527,74.745716,Warning
2026-08-09T16:38:53.288573,BIN_012,Udupi,80,56.39,26.07,61,13.300498,74.776004,Warning
2026-08-09T16:39:53.288573,BIN_004,Manipal,17,7.42,26.67,53,13.370795,74.705158,Normal
2026-08-09T16:40:53.288573,BIN_017,Udupi,36,16.57,39.65,68,13.379624,74.705957,Normal
2026-08-09T16:41:53.288573,BIN_016,Brahmagiri,41,27.07,30.26,57,13.344545,74.718646,Normal
2026-08-09T16:42:53.288573,BIN_008,Udupi,50,26.75,34.11,21,13.386612,74.743895,Normal
2026-08-09T16:43:53.288573,BIN_011,Udupi,25,12.52,33.86,71,13.327527,74.745716,Normal
2026-08-09T16:44:53.288573,BIN_016,Brahmagiri,82,56.26,29.06,66,13.344545,74.718646,Warning
2026-08-09T16:45:53.288573,BIN_015,Udupi,18,13.11,26.23,37,13.361485,74.77039,Normal
2026-08-09T16:46:53.288573,BIN_014,Malpe,91,54.75,31.04,46,13.333329,74.703057,Overflow Risk
2026-08-09T16:47:53.288573,BIN_014,Malpe,32,18.68,25.98,91,13.333329,74.703057,Normal
2026-08-09T16:48:53.288573,BIN_014,Malpe,90,60.14,39.64,62,13.333329,74.703057,Overflow Risk
2026-08-09T16:49:53.288573,BIN_015,Udupi,24,12.67,27.73,58,13.361485,74.77039,Normal
2026-08-09T16:50:53.288573,BIN_009,Kundapura,54,37.13,34.62,77,13.352052,74.799791,Normal
2026-08-09T16:51:53.288573,BIN_017,Udupi,15,6.14,35.96,88,13.379624,74.705957,Normal
2026-08-09T16:52:53.288573,BIN_004,Manipal,65,35.0,30.41,80,13.370795,74.705158,Normal
2026-08-09T16:53:53.288573,BIN_015,Udupi,97,55.38,33.75,63,13.361485,74.77039,Overflow Risk
2026-08-09T16:54:53.288573,BIN_019,Kundapura,43,32.65,26.93,23,13.346541,74.799855,Normal
2026-08-09T16:55:53.288573,BIN_019,Kundapura,66,28.69,35.2,25,13.346541,74.799855,Normal
2026-08-09T16:56:53.288573,BIN_008,Udupi,98,46.43,31.29,97,13.386612,74.743895,Overflow Risk
2026-08-09T16:57:53.288573,BIN_017,Udupi,38,16.35,39.52,80,13.379624,74.705957,Normal
2026-08-09T16:58:53.288573,BIN_001,Malpe,33,26.26,25.77,22,13.312241,74.739286,Normal
2026-08-09T16:59:53.288573,BIN_018,Malpe,34,14.82,27.55,99,13.375596,74.737794,Normal
2026-08-09T17:00:53.288573,BIN_004,Manipal,64,26.33,31.13,49,13.370795,74.705158,Normal
2026-08-09T17:01:53.288573,BIN_007,Manipal,94,66.27,33.17,57,13.340145,74.721582,Overflow Risk
2026-08-09T17:02:53.288573,BIN_013,Brahmagiri,98,58.23,27.42,88,13.314129,74.74159,Overflow Risk
2026-08-09T17:03:53.288573,BIN_011,Udupi,13,6.49,32.29,58,13.327527,74.745716,Normal
2026-08-09T17:04:53.288573,BIN_004,Manipal,84,40.23,34.16,37,13.370795,74.705158,Warning
2026-08-09T17:05:53.288573,BIN_020,Malpe,97,58.55,37.81,96,13.33064,74.707462,Overflow Risk
2026-08-09T17:06:53.288573,BIN_016,Brahmagiri,25,10.76,25.15,68,13.344545,74.718646,Normal
2026-08-09T17:07:53.288573,BIN_013,Brahmagiri,14,8.19,39.43,54,13.314129,74.74159,Normal
2026-08-09T17:08:53.288573,BIN_011,Udupi,91,45.9,32.14,51,13.327527,74.745716,Overflow Risk
2026-08-09T17:09:53.288573,BIN_019,Kundapura,30,23.68,33.94,55,13.346541,74.799855,Normal
2026-08-09T17:10:53.288573,BIN_009,Kundapura,72,38.65,32.07,20,13.352052,74.799791,Warning
2026-08-09T17:11:53.288573,BIN_007,Manipal,31,20.19,26.25,31,13.340145,74.721582,Normal
2026-08-09T17:12:53.288573,BIN_007,Manipal,17,12.41,39.59,61,13.340145,74.721582,Normal
2026-08-09T17:13:53.288573,BIN_005,Malpe,21,12.65,26.31,73,13.351108,74.766898,Normal
2026-08-09T17:14:53.288573,BIN_002,Malpe,42,30.75,25.68,76,13.386811,74.702684,Normal
2026-08-09T17:15:53.288573,BIN_006,Manipal,70,50.07,26.37,58,13.389592,74.795714,Warning
2026-08-09T17:16:53.288573,BIN_016,Brahmagiri,25,19.07,35.95,40,13.344545,74.718646,Normal
2026-08-09T17:17:53.288573,BIN_012,Udupi,66,31.22,27.53,92,13.300498,74.776004,Normal
2026-08-09T17:18:53.288573,BIN_003,Udupi,13,7.62,29.03,20,13.36047,74.748956,Normal
2026-08-09T17:19:53.288573,BIN_020,Malpe,96,76.57,39.45,57,13.33064,74.707462,Overflow Risk
2026-08-09T17:20:53.288573,BIN_014,Malpe,47,30.37,25.4,67,13.333329,74.703057,Normal
2026-08-09T17:21:53.288573,BIN_006,Manipal,30,20.58,36.47,63,13.389592,74.795714,Normal
2026-08-09T17:22:53.288573,BIN_011,Udupi,99,57.17,39.16,85,13.327527,74.745716,Overflow Risk
2026-08-09T17:23:53.288573,BIN_005,Malpe,79,32.53,28.39,99,13.351108,74.766898,Warning
2026-08-09T17:24:53.288573,BIN_008,Udupi,55,40.71,36.03,59,13.386612,74.743895,Normal
2026-08-09T17:25:53.288573,BIN_014,Malpe,90,48.95,35.93,23,13.333329,74.703057,Overflow Risk
2026-08-09T17:26:53.288573,BIN_005,Malpe,88,52.98,28.26,53,13.351108,74.766898,Warning
2026-08-09T17:27:53.288573,BIN_006,Manipal,97,47.73,34.7,26,13.389592,74.795714,Overflow Risk
2026-08-09T17:28:53.288573,BIN_007,Manipal,87,43.2,33.24,92,13.340145,74.721582,Warning
2026-08-09T17:29:53.288573,BIN_001,Malpe,68,40.95,32.2,71,13.312241,74.739286,Normal
2026-08-09T17:30:53.288573,BIN_008,Udupi,95,69.33,36.84,63,13.386612,74.743895,Overflow Risk
2026-08-09T17:31:53.288573,BIN_004,Manipal,21,10.02,30.73,23,13.370795,74.705158,Normal
2026-08-09T17:32:53.288573,BIN_005,Malpe,58,36.67,32.55,94,13.351108,74.766898,Normal
2026-08-09T17:33:53.288573,BIN_001,Malpe,64,32.99,28.61,59,13.312241,74.739286,Normal
2026-08-09T17:34:53.288573,BIN_013,Brahmagiri,36,19.31,36.79,100,13.314129,74.74159,Normal
2026-08-09T17:35:53.288573,BIN_016,Brahmagiri,40,20.95,33.72,39,13.344545,74.718646,Normal
2026-08-09T17:36:53.288573,BIN_015,Udupi,13,6.47,37.22,40,13.361485,74.77039,Normal
2026-08-09T17:37:53.288573,BIN_001,Malpe,82,54.54,38.3,33,13.312241,74.739286,Warning
2026-08-09T17:38:53.288573,BIN_015,Udupi,37,29.35,39.1,82,13.361485,74.77039,Normal
2026-08-09T17:39:53.288573,BIN_016,Brahmagiri,78,38.27,25.7,91,13.344545,74.718646,Warning
2026-08-09T17:40:53.288573,BIN_007,Manipal,82,35.49,38.56,76,13.340145,74.721582,Warning
2026-08-09T17:41:53.288573,BIN_002,Malpe,67,34.9,33.95,97,13.386811,74.702684,Normal
2026-08-09T17:42:53.288573,BIN_009,Kundapura,58,30.6,30.65,78,13.352052,74.799791,Normal
2026-08-09T17:43:53.288573,BIN_005,Malpe,95,63.34,25.6,23,13.351108,74.766898,Overflow Risk
2026-08-09T17:44:53.288573,BIN_015,Udupi,85,49.91,37.49,95,13.361485,74.77039,Warning
2026-08-09T17:45:53.288573,BIN_001,Malpe,11,5.17,26.04,81,13.312241,74.739286,Normal
2026-08-09T17:46:53.288573,BIN_016,Brahmagiri,21,9.86,30.2,27,13.344545,74.718646,Normal
2026-08-09T17:47:53.288573,BIN_012,Udupi,50,20.88,36.68,54,13.300498,74.776004,Normal
2026-08-09T17:48:53.288573,BIN_019,Kundapura,28,12.91,26.32,45,13.346541,74.799855,Normal
2026-08-09T17:49:53.288573,BIN_004,Manipal,35,23.73,32.33,60,13.370795,74.705158,Normal
2026-08-09T17:50:53.288573,BIN_007,Manipal,25,18.04,30.88,68,13.340145,74.721582,Normal
2026-08-09T17:51:53.288573,BIN_011,Udupi,37,27.25,30.1,63,13.327527,74.745716,Normal
2026-08-09T17:52:53.288573,BIN_020,Malpe,96,39.97,34.44,85,13.33064,74.707462,Overflow Risk
2026-08-09T17:53:53.288573,BIN_020,Malpe,65,51.87,27.57,85,13.33064,74.707462,Normal
2026-08-09T17:54:53.288573,BIN_020,Malpe,97,58.37,28.93,90,13.33064,74.707462,Overflow Risk
2026-08-09T17:55:53.288573,BIN_018,Malpe,68,31.44,29.94,61,13.375596,74.737794,Normal
2026-08-09T17:56:53.288573,BIN_001,Malpe,37,21.41,26.15,100,13.312241,74.739286,Normal
2026-08-09T17:57:53.288573,BIN_019,Kundapura,64,33.12,37.94,33,13.346541,74.799855,Normal
2026-08-09T17:58:53.288573,BIN_005,Malpe,38,24.24,32.59,20,13.351108,74.766898,Normal
2026-08-09T17:59:53.288573,BIN_014,Malpe,41,20.89,29.4,91,13.333329,74.703057,Normal
2026-08-09T18:00:53.288573,BIN_011,Udupi,48,21.43,36.19,62,13.327527,74.745716,Normal
2026-08-09T18:01:53.288573,BIN_012,Udupi,91,63.64,34.82,27,13.300498,74.776004,Overflow Risk
2026-08-09T18:02:53.288573,BIN_015,Udupi,57,39.7,32.04,71,13.361485,74.77039,Normal
2026-08-09T18:03:53.288573,BIN_020,Malpe,83,41.1,28.58,89,13.33064,74.707462,Warning
2026-08-09T18:04:53.288573,BIN_010,Udupi,66,28.71,37.94,51,13.328038,74.706134,Normal
2026-08-09T18:05:53.288573,BIN_011,Udupi,20,11.8,25.86,32,13.327527,74.745716,Normal
2026-08-09T18:06:53.288573,BIN_009,Kundapura,76,38.89,25.39,92,13.352052,74.799791,Warning
2026-08-09T18:07:53.288573,BIN_017,Udupi,21,11.44,25.4,53,13.379624,74.705957,Normal
2026-08-09T18:08:53.288573,BIN_006,Manipal,18,9.9,27.76,94,13.389592,74.795714,Normal
2026-08-09T18:09:53.288573,BIN_016,Brahmagiri,47,22.37,28.45,89,13.344545,74.718646,Normal
2026-08-09T18:10:53.288573,BIN_004,Manipal,58,39.69,35.01,92,13.370795,74.705158,Normal
2026-08-09T18:11:53.288573,BIN_011,Udupi,65,46.3,35.34,66,13.327527,74.745716,Normal
2026-08-09T18:12:53.288573,BIN_005,Malpe,31,21.46,35.9,20,13.351108,74.766898,Normal
2026-08-09T18:13:53.288573,BIN_014,Malpe,87,39.81,32.38,60,13.333329,74.703057,Warning
2026-08-09T18:14:53.288573,BIN_013,Brahmagiri,59,30.45,36.02,52,13.314129,74.74159,Normal
2026-08-09T18:15:53.288573,BIN_016,Brahmagiri,50,26.35,26.26,77,13.344545,74.718646,Normal
2026-08-09T18:16:53.288573,BIN_016,Brahmagiri,12,5.56,39.99,53,13.344545,74.718646,Normal
2026-08-09T18:17:53.288573,BIN_002,Malpe,90,67.93,28.09,49,13.386811,74.702684,Overflow Risk
2026-08-09T18:18:53.288573,BIN_013,Brahmagiri,36,27.74,33.73,42,13.314129,74.74159,Normal
2026-08-09T18:19:53.288573,BIN_008,Udupi,38,26.98,35.72,42,13.386612,74.743895,Normal
2026-08-09T18:20:53.288573,BIN_019,Kundapura,56,40.49,25.42,64,13.346541,74.799855,Normal
2026-08-09T18:21:53.288573,BIN_011,Udupi,70,45.69,34.81,35,13.327527,74.745716,Warning
2026-08-09T18:22:53.288573,BIN_016,Brahmagiri,47,23.61,25.7,53,13.344545,74.718646,Normal
2026-08-09T18:23:53.288573,BIN_015,Udupi,12,9.38,32.68,24,13.361485,74.77039,Normal
2026-08-09T18:24:53.288573,BIN_004,Manipal,86,57.98,39.26,47,13.370795,74.705158,Warning
2026-08-09T18:25:53.288573,BIN_014,Malpe,13,6.81,30.91,84,13.333329,74.703057,Normal
2026-08-09T18:26:53.288573,BIN_013,Brahmagiri,37,25.3,27.42,88,13.314129,74.74159,Normal
2026-08-09T18:27:53.288573,BIN_018,Malpe,11,7.38,33.79,88,13.375596,74.737794,Normal
2026-08-09T18:28:53.288573,BIN_010,Udupi,84,47.72,34.42,25,13.328038,74.706134,Warning
2026-08-09T18:29:53.288573,BIN_005,Malpe,32,14.53,33.71,34,13.351108,74.766898,Normal
2026-08-09T18:30:53.288573,BIN_015,Udupi,45,29.85,37.68,88,13.361485,74.77039,Normal
2026-08-09T18:31:53.288573,BIN_001,Malpe,66,40.34,32.26,58,13.312241,74.739286,Normal
2026-08-09T18:32:53.288573,BIN_011,Udupi,24,14.1,35.13,20,13.327527,74.745716,Normal
2026-08-09T18:33:53.288573,BIN_009,Kundapura,27,18.38,33.95,68,13.352052,74.799791,Normal
2026-08-09T18:34:53.288573,BIN_013,Brahmagiri,81,49.25,26.53,75,13.314129,74.74159,Warning
2026-08-09T18:35:53.288573,BIN_017,Udupi,14,8.32,39.08,22,13.379624,74.705957,Normal
2026-08-09T18:36:53.288573,BIN_001,Malpe,32,22.6,25.52,66,13.312241,74.739286,Normal
2026-08-09T18:37:53.288573,BIN_015,Udupi,27,18.36,39.34,71,13.361485,74.77039,Normal
2026-08-09T18:38:53.288573,BIN_001,Malpe,39,30.94,32.96,67,13.312241,74.739286,Normal
2026-08-09T18:39:53.288573,BIN_006,Manipal,61,43.71,29.05,26,13.389592,74.795714,Normal
2026-08-09T18:40:53.288573,BIN_015,Udupi,30,20.16,39.86,55,13.361485,74.77039,Normal
2026-08-09T18:41:53.288573,BIN_002,Malpe,99,66.63,25.75,76,13.386811,74.702684,Overflow Risk
2026-08-09T18:42:53.288573,BIN_008,Udupi,84,60.8,30.33,89,13.386612,74.743895,Warning
2026-08-09T18:43:53.288573,BIN_012,Udupi,52,35.43,36.02,36,13.300498,74.776004,Normal
2026-08-09T18:44:53.288573,BIN_003,Udupi,83,62.26,33.09,64,13.36047,74.748956,Warning
2026-08-09T18:45:53.288573,BIN_003,Udupi,47,21.85,27.35,55,13.36047,74.748956,Normal
2026-08-09T18:46:53.288573,BIN_014,Malpe,82,38.79,31.94,91,13.333329,74.703057,Warning
2026-08-09T18:47:53.288573,BIN_017,Udupi,54,27.48,29.5,23,13.379624,74.705957,Normal
2026-08-09T18:48:53.288573,BIN_007,Manipal,30,21.61,26.38,59,13.340145,74.721582,Normal
2026-08-09T18:49:53.288573,BIN_004,Manipal,76,41.4,26.07,58,13.370795,74.705158,Warning
2026-08-09T18:50:53.288573,BIN_008,Udupi,26,20.35,25.03,52,13.386612,74.743895,Normal
2026-08-09T18:51:53.288573,BIN_019,Kundapura,34,16.95,28.94,68,13.346541,74.799855,Normal
2026-08-09T18:52:53.288573,BIN_020,Malpe,53,39.43,35.41,66,13.33064,74.707462,Normal
2026-08-09T18:53:53.288573,BIN_006,Manipal,84,55.4,33.79,93,13.389592,74.795714,Warning
2026-08-09T18:54:53.288573,BIN_002,Malpe,87,46.16,32.25,61,13.386811,74.702684,Warning
2026-08-09T18:55:53.288573,BIN_018,Malpe,12,8.92,32.14,52,13.375596,74.737794,Normal
2026-08-09T18:56:53.288573,BIN_004,Manipal,70,38.73,27.31,86,13.370795,74.705158,Warning
2026-08-09T18:57:53.288573,BIN_018,Malpe,45,27.63,35.95,80,13.375596,74.737794,Normal
2026-08-09T18:58:53.288573,BIN_011,Udupi,38,28.93,38.01,96,13.327527,74.745716,Normal
2026-08-09T18:59:53.288573,BIN_006,Manipal,90,61.35,28.26,61,13.389592,74.795714,Overflow Risk
2026-08-09T19:00:53.288573,BIN_009,Kundapura,93,68.25,26.95,47,13.352052,74.799791,Overflow Risk
2026-08-09T19:01:53.288573,BIN_019,Kundapura,90,48.76,39.71,100,13.346541,74.799855,Overflow Risk
2026-08-09T19:02:53.288573,BIN_006,Manipal,99,60.43,29.13,91,13.389592,74.795714,Overflow Risk
2026-08-09T19:03:53.288573,BIN_012,Udupi,53,35.8,31.66,65,13.300498,74.776004,Normal
2026-08-09T19:04:53.288573,BIN_016,Brahmagiri,42,31.07,31.57,96,13.344545,74.718646,Normal
2026-08-09T19:05:53.288573,BIN_019,Kundapura,69,53.36,38.19,47,13.346541,74.799855,Normal
2026-08-09T19:06:53.288573,BIN_008,Udupi,72,35.79,27.57,82,13.386612,74.743895,Warning
2026-08-09T19:07:53.288573,BIN_020,Malpe,12,9.08,32.38,74,13.33064,74.707462,Normal
2026-08-09T19:08:53.288573,BIN_015,Udupi,58,24.8,39.54,47,13.361485,74.77039,Normal
2026-08-09T19:09:53.288573,BIN_015,Udupi,49,25.95,39.39,41,13.361485,74.77039,Normal
2026-08-09T19:10:53.288573,BIN_005,Malpe,74,58.35,38.95,87,13.351108,74.766898,Warning
2026-08-09T19:11:53.288573,BIN_017,Udupi,77,48.33,37.73,90,13.379624,74.705957,Warning
2026-08-09T19:12:53.288573,BIN_020,Malpe,83,64.16,27.4,76,13.33064,74.707462,Warning
2026-08-09T19:13:53.288573,BIN_010,Udupi,38,15.7,25.11,84,13.328038,74.706134,Normal
2026-08-09T19:14:53.288573,BIN_003,Udupi,77,54.02,38.96,72,13.36047,74.748956,Warning
2026-08-09T19:15:53.288573,BIN_020,Malpe,89,56.55,39.6,86,13.33064,74.707462,Warning
2026-08-09T19:16:53.288573,BIN_003,Udupi,93,51.25,39.85,63,13.36047,74.748956,Overflow Risk
2026-08-09T19:17:53.288573,BIN_012,Udupi,51,24.83,38.37,69,13.300498,74.776004,Normal
2026-08-09T19:18:53.288573,BIN_019,Kundapura,34,26.54,30.18,58,13.346541,74.799855,Normal
2026-08-09T19:19:53.288573,BIN_010,Udupi,37,28.35,28.47,84,13.328038,74.706134,Normal
2026-08-09T19:20:53.288573,BIN_017,Udupi,23,16.17,39.16,36,13.379624,74.705957,Normal
2026-08-09T19:21:53.288573,BIN_003,Udupi,84,67.13,30.6,91,13.36047,74.748956,Warning
2026-08-09T19:22:53.288573,BIN_011,Udupi,42,18.69,26.85,76,13.327527,74.745716,Normal
2026-08-09T19:23:53.288573,BIN_011,Udupi,46,26.39,33.2,51,13.327527,74.745716,Normal
2026-08-09T19:24:53.288573,BIN_004,Manipal,54,42.63,25.99,70,13.370795,74.705158,Normal
2026-08-09T19:25:53.288573,BIN_008,Udupi,84,55.9,31.85,38,13.386612,74.743895,Warning
2026-08-09T19:26:53.288573,BIN_014,Malpe,73,41.27,26.5,83,13.333329,74.703057,Warning
2026-08-09T19:27:53.288573,BIN_017,Udupi,57,27.68,27.98,28,13.379624,74.705957,Normal
2026-08-09T19:28:53.288573,BIN_001,Malpe,89,69.47,35.29,43,13.312241,74.739286,Warning
2026-08-09T19:29:53.288573,BIN_014,Malpe,73,34.05,26.65,35,13.333329,74.703057,Warning
2026-08-09T19:30:53.288573,BIN_012,Udupi,92,65.87,39.74,91,13.300498,74.776004,Overflow Risk
2026-08-09T19:31:53.288573,BIN_014,Malpe,84,37.52,37.25,50,13.333329,74.703057,Warning
2026-08-09T19:32:53.288573,BIN_002,Malpe,97,66.1,34.27,96,13.386811,74.702684,Overflow Risk
2026-08-09T19:33:53.288573,BIN_014,Malpe,78,47.76,26.52,20,13.333329,74.703057,Warning
2026-08-09T19:34:53.288573,BIN_007,Manipal,55,36.06,39.3,61,13.340145,74.721582,Normal
2026-08-09T19:35:53.288573,BIN_004,Manipal,79,52.92,25.48,26,13.370795,74.705158,Warning
2026-08-09T19:36:53.288573,BIN_001,Malpe,57,36.1,34.18,42,13.312241,74.739286,Normal
2026-08-09T19:37:53.288573,BIN_014,Malpe,62,33.31,35.48,70,13.333329,74.703057,Normal
2026-08-09T19:38:53.288573,BIN_018,Malpe,20,14.68,30.13,63,13.375596,74.737794,Normal
2026-08-09T19:39:53.288573,BIN_016,Brahmagiri,58,34.55,33.65,93,13.344545,74.718646,Normal
2026-08-09T19:40:53.288573,BIN_015,Udupi,93,50.21,33.51,90,13.361485,74.77039,Overflow Risk
2026-08-09T19:41:53.288573,BIN_015,Udupi,95,38.64,30.91,37,13.361485,74.77039,Overflow Risk
2026-08-09T19:42:53.288573,BIN_012,Udupi,36,21.49,27.7,91,13.300498,74.776004,Normal
2026-08-09T19:43:53.288573,BIN_011,Udupi,42,20.01,37.6,66,13.327527,74.745716,Normal
2026-08-09T19:44:53.288573,BIN_009,Kundapura,74,45.79,26.73,90,13.352052,74.799791,Warning
2026-08-09T19:45:53.288573,BIN_001,Malpe,71,53.2,29.39,25,13.312241,74.739286,Warning
2026-08-09T19:46:53.288573,BIN_019,Kundapura,68,45.17,32.37,23,13.346541,74.799855,Normal
2026-08-09T19:47:53.288573,BIN_012,Udupi,55,24.11,28.99,26,13.300498,74.776004,Normal
2026-08-09T19:48:53.288573,BIN_016,Brahmagiri,24,9.61,28.62,64,13.344545,74.718646,Normal
2026-08-09T19:49:53.288573,BIN_017,Udupi,46,31.48,39.22,60,13.379624,74.705957,Normal
2026-08-09T19:50:53.288573,BIN_010,Udupi,38,23.05,29.57,56,13.328038,74.706134,Normal
2026-08-09T19:51:53.288573,BIN_007,Manipal,24,9.67,36.8,34,13.340145,74.721582,Normal
2026-08-09T19:52:53.288573,BIN_012,Udupi,81,36.67,33.71,32,13.300498,74.776004,Warning
2026-08-09T19:53:53.288573,BIN_016,Brahmagiri,61,26.93,34.4,27,13.344545,74.718646,Normal
2026-08-09T19:54:53.288573,BIN_002,Malpe,36,17.32,31.91,46,13.386811,74.702684,Normal
2026-08-09T19:55:53.288573,BIN_018,Malpe,23,14.54,33.75,58,13.375596,74.737794,Normal
2026-08-09T19:56:53.288573,BIN_019,Kundapura,60,28.94,26.28,26,13.346541,74.799855,Normal
2026-08-09T19:57:53.288573,BIN_001,Malpe,55,28.27,39.24,65,13.312241,74.739286,Normal
2026-08-09T19:58:53.288573,BIN_012,Udupi,17,9.51,35.18,79,13.300498,74.776004,Normal
2026-08-09T19:59:53.288573,BIN_020,Malpe,52,28.79,39.78,45,13.33064,74.707462,Normal
2026-08-09T20:00:53.288573,BIN_001,Malpe,37,21.06,25.92,58,13.312241,74.739286,Normal
2026-08-09T20:01:53.288573,BIN_001,Malpe,95,57.09,28.05,94,13.312241,74.739286,Overflow Risk
2026-08-09T20:02:53.288573,BIN_008,Udupi,28,16.16,27.07,28,13.386612,74.743895,Normal
2026-08-09T20:03:53.288573,BIN_006,Manipal,12,9.19,39.76,73,13.389592,74.795714,Normal
2026-08-09T20:04:53.288573,BIN_019,Kundapura,96,68.24,31.18,38,13.346541,74.799855,Overflow Risk
2026-08-09T20:05:53.288573,BIN_011,Udupi,15,6.19,35.08,80,13.327527,74.745716,Normal
2026-08-09T20:06:53.288573,BIN_007,Manipal,97,56.87,39.09,82,13.340145,74.721582,Overflow Risk
2026-08-09T20:07:53.288573,BIN_016,Brahmagiri,26,16.21,30.96,46,13.344545,74.718646,Normal
2026-08-09T20:08:53.288573,BIN_016,Brahmagiri,66,40.84,38.49,66,13.344545,74.718646,Normal
2026-08-09T20:09:53.288573,BIN_019,Kundapura,65,30.79,39.49,82,13.346541,74.799855,Normal
2026-08-09T20:10:53.288573,BIN_003,Udupi,65,39.79,25.71,43,13.36047,74.748956,Normal
2026-08-09T20:11:53.288573,BIN_007,Manipal,19,15.13,38.74,84,13.340145,74.721582,Normal
2026-08-09T20:12:53.288573,BIN_004,Manipal,84,55.86,29.96,99,13.370795,74.705158,Warning
2026-08-09T20:13:53.288573,BIN_007,Manipal,41,30.4,28.21,98,13.340145,74.721582,Normal
2026-08-09T20:14:53.288573,BIN_003,Udupi,81,45.52,30.1,27,13.36047,74.748956,Warning
2026-08-09T20:15:53.288573,BIN_005,Malpe,87,63.91,38.9,31,13.351108,74.766898,Warning
2026-08-09T20:16:53.288573,BIN_005,Malpe,63,25.86,36.06,100,13.351108,74.766898,Normal
2026-08-09T20:17:53.288573,BIN_019,Kundapura,13,10.01,33.0,64,13.346541,74.799855,Normal
2026-08-09T20:18:53.288573,BIN_001,Malpe,50,29.89,33.33,33,13.312241,74.739286,Normal
2026-08-09T20:19:53.288573,BIN_012,Udupi,19,12.81,29.63,41,13.300498,74.776004,Normal
2026-08-09T20:20:53.288573,BIN_019,Kundapura,49,26.86,28.03,78,13.346541,74.799855,Normal
2026-08-09T20:21:53.288573,BIN_004,Manipal,30,16.51,31.14,36,13.370795,74.705158,Normal
2026-08-09T20:22:53.288573,BIN_019,Kundapura,45,20.56,26.13,27,13.346541,74.799855,Normal
2026-08-09T20:23:53.288573,BIN_019,Kundapura,17,8.15,35.01,51,13.346541,74.799855,Normal
2026-08-09T20:24:53.288573,BIN_019,Kundapura,39,20.59,32.79,62,13.346541,74.799855,Normal
2026-08-09T20:25:53.288573,BIN_010,Udupi,28,15.7,30.4,84,13.328038,74.706134,Normal
2026-08-09T20:26:53.288573,BIN_005,Malpe,94,46.45,37.75,50,13.351108,74.766898,Overflow Risk
2026-08-09T20:27:53.288573,BIN_006,Manipal,46,31.9,33.72,80,13.389592,74.795714,Normal
2026-08-09T20:28:53.288573,BIN_010,Udupi,49,19.74,35.71,55,13.328038,74.706134,Normal
2026-08-09T20:29:53.288573,BIN_016,Brahmagiri,72,46.32,35.53,91,13.344545,74.718646,Warning
2026-08-09T20:30:53.288573,BIN_013,Brahmagiri,14,5.86,36.04,97,13.314129,74.74159,Normal
2026-08-09T20:31:53.288573,BIN_014,Malpe,32,22.7,35.94,67,13.333329,74.703057,Normal
2026-08-09T20:32:53.288573,BIN_014,Malpe,41,21.35,37.13,35,13.333329,74.703057,Normal
2026-08-09T20:33:53.288573,BIN_009,Kundapura,63,29.34,33.33,85,13.352052,74.799791,Normal
2026-08-09T20:34:53.288573,BIN_016,Brahmagiri,66,39.81,36.81,90,13.344545,74.718646,Normal
2026-08-09T20:35:53.288573,BIN_002,Malpe,44,22.28,31.52,38,13.386811,74.702684,Normal
2026-08-09T20:36:53.288573,BIN_010,Udupi,56,28.4,35.25,39,13.328038,74.706134,Normal
2026-08-09T20:37:53.288573,BIN_002,Malpe,38,23.9,34.01,50,13.386811,74.702684,Normal
2026-08-09T20:38:53.288573,BIN_004,Manipal,99,78.44,35.2,34,13.370795,74.705158,Overflow Risk
2026-08-09T20:39:53.288573,BIN_005,Malpe,80,35.45,27.92,24,13.351108,74.766898,Warning
2026-08-09T20:40:53.288573,BIN_013,Brahmagiri,81,42.41,36.66,70,13.314129,74.74159,Warning
2026-08-09T20:41:53.288573,BIN_011,Udupi,38,26.66,34.99,22,13.327527,74.745716,Normal
2026-08-09T20:42:53.288573,BIN_008,Udupi,12,8.85,36.65,77,13.386612,74.743895,Normal
2026-08-09T20:43:53.288573,BIN_018,Malpe,62,28.46,25.51,56,13.375596,74.737794,Normal
2026-08-09T20:44:53.288573,BIN_019,Kundapura,79,35.1,27.85,51,13.346541,74.799855,Warning
2026-08-09T20:45:53.288573,BIN_008,Udupi,38,18.49,39.48,70,13.386612,74.743895,Normal
2026-08-09T20:46:53.288573,BIN_005,Malpe,85,62.51,36.09,72,13.351108,74.766898,Warning
2026-08-09T20:47:53.288573,BIN_014,Malpe,26,19.11,35.66,85,13.333329,74.703057,Normal
2026-08-09T20:48:53.288573,BIN_004,Manipal,39,18.43,37.07,33,13.370795,74.705158,Normal
2026-08-09T20:49:53.288573,BIN_013,Brahmagiri,64,40.56,29.91,33,13.314129,74.74159,Normal
2026-08-09T20:50:53.288573,BIN_019,Kundapura,73,46.4,37.06,47,13.346541,74.799855,Warning
2026-08-09T20:51:53.288573,BIN_011,Udupi,62,33.5,28.83,62,13.327527,74.745716,Normal
2026-08-09T20:52:53.288573,BIN_018,Malpe,66,33.63,39.89,49,13.375596,74.737794,Normal
2026-08-09T20:53:53.288573,BIN_018,Malpe,85,57.33,37.75,20,13.375596,74.737794,Warning
2026-08-09T20:54:53.288573,BIN_009,Kundapura,17,11.66,25.89,49,13.352052,74.799791,Normal
2026-08-09T20:55:53.288573,BIN_004,Manipal,85,44.17,39.27,86,13.370795,74.705158,Warning
2026-08-09T20:56:53.288573,BIN_011,Udupi,85,46.86,38.73,60,13.327527,74.745716,Warning
2026-08-09T20:57:53.288573,BIN_020,Malpe,54,29.48,32.76,31,13.33064,74.707462,Normal
2026-08-09T20:58:53.288573,BIN_003,Udupi,50,20.25,27.63,70,13.36047,74.748956,Normal
2026-08-09T20:59:53.288573,BIN_008,Udupi,23,14.57,26.94,59,13.386612,74.743895,Normal
2026-08-09T21:00:53.288573,BIN_003,Udupi,55,36.34,27.8,36,13.36047,74.748956,Normal
2026-08-09T21:01:53.288573,BIN_011,Udupi,16,11.45,35.37,58,13.327527,74.745716,Normal
2026-08-09T21:02:53.288573,BIN_013,Brahmagiri,94,65.81,26.6,24,13.314129,74.74159,Overflow Risk
2026-08-09T21:03:53.288573,BIN_020,Malpe,35,17.94,33.5,68,13.33064,74.707462,Normal
2026-08-09T21:04:53.288573,BIN_017,Udupi,45,25.51,27.21,68,13.379624,74.705957,Normal
2026-08-09T21:05:53.288573,BIN_007,Manipal,58,37.68,27.12,70,13.340145,74.721582,Normal
2026-08-09T21:06:53.288573,BIN_004,Manipal,49,27.99,31.56,44,13.370795,74.705158,Normal
2026-08-09T21:07:53.288573,BIN_003,Udupi,15,9.73,39.5,33,13.36047,74.748956,Normal
2026-08-09T21:08:53.288573,BIN_018,Malpe,52,35.02,37.05,73,13.375596,74.737794,Normal
2026-08-09T21:09:53.288573,BIN_012,Udupi,17,6.81,39.81,29,13.300498,74.776004,Normal
2026-08-09T21:10:53.288573,BIN_006,Manipal,20,9.09,39.23,91,13.389592,74.795714,Normal
2026-08-09T21:11:53.288573,BIN_017,Udupi,53,39.5,35.76,25,13.379624,74.705957,Normal
2026-08-09T21:12:53.288573,BIN_008,Udupi,59,36.59,33.75,78,13.386612,74.743895,Normal
2026-08-09T21:13:53.288573,BIN_019,Kundapura,84,62.63,30.54,95,13.346541,74.799855,Warning
2026-08-09T21:14:53.288573,BIN_010,Udupi,75,41.57,38.4,53,13.328038,74.706134,Warning
2026-08-09T21:15:53.288573,BIN_007,Manipal,48,31.19,34.54,81,13.340145,74.721582,Normal
2026-08-09T21:16:53.288573,BIN_012,Udupi,84,38.54,37.2,40,13.300498,74.776004,Warning
2026-08-09T21:17:53.288573,BIN_013,Brahmagiri,42,22.88,37.72,72,13.314129,74.74159,Normal
2026-08-09T21:18:53.288573,BIN_006,Manipal,28,17.65,34.63,31,13.389592,74.795714,Normal
2026-08-09T21:19:53.288573,BIN_002,Malpe,25,11.18,27.9,56,13.386811,74.702684,Normal
2026-08-09T21:20:53.288573,BIN_020,Malpe,97,57.45,25.28,29,13.33064,74.707462,Overflow Risk
2026-08-09T21:21:53.288573,BIN_008,Udupi,15,11.33,27.93,95,13.386612,74.743895,Normal
2026-08-09T21:22:53.288573,BIN_009,Kundapura,46,27.91,29.54,21,13.352052,74.799791,Normal
2026-08-09T21:23:53.288573,BIN_010,Udupi,50,21.79,26.31,48,13.328038,74.706134,Normal
2026-08-09T21:24:53.288573,BIN_004,Manipal,56,35.87,38.24,24,13.370795,74.705158,Normal
2026-08-09T21:25:53.288573,BIN_009,Kundapura,77,53.47,39.23,87,13.352052,74.799791,Warning
2026-08-09T21:26:53.288573,BIN_016,Brahmagiri,47,28.19,25.78,61,13.344545,74.718646,Normal
2026-08-09T21:27:53.288573,BIN_010,Udupi,41,29.69,29.4,87,13.328038,74.706134,Normal
2026-08-09T21:28:53.288573,BIN_006,Manipal,39,25.42,33.06,80,13.389592,74.795714,Normal
2026-08-09T21:29:53.288573,BIN_017,Udupi,78,45.75,27.06,66,13.379624,74.705957,Warning
2026-08-09T21:30:53.288573,BIN_014,Malpe,37,24.56,34.95,99,13.333329,74.703057,Normal
2026-08-09T21:31:53.288573,BIN_004,Manipal,37,22.25,33.83,89,13.370795,74.705158,Normal
2026-08-09T21:32:53.288573,BIN_019,Kundapura,86,48.39,30.54,67,13.346541,74.799855,Warning
2026-08-09T21:33:53.288573,BIN_020,Malpe,79,41.64,38.96,73,13.33064,74.707462,Warning
2026-08-09T21:34:53.288573,BIN_001,Malpe,85,62.84,32.33,33,13.312241,74.739286,Warning
2026-08-09T21:35:53.288573,BIN_011,Udupi,42,26.16,38.35,95,13.327527,74.745716,Normal
2026-08-09T21:36:53.288573,BIN_018,Malpe,48,29.85,27.3,90,13.375596,74.737794,Normal
2026-08-09T21:37:53.288573,BIN_009,Kundapura,50,35.39,34.47,72,13.352052,74.799791,Normal
2026-08-09T21:38:53.288573,BIN_009,Kundapura,94,59.18,26.0,54,13.352052,74.799791,Overflow Risk
2026-08-09T21:39:53.288573,BIN_017,Udupi,48,20.47,32.17,41,13.379624,74.705957,Normal
2026-08-09T21:40:53.288573,BIN_011,Udupi,47,22.14,29.79,93,13.327527,74.745716,Normal
2026-08-09T21:41:53.288573,BIN_020,Malpe,90,66.78,38.86,71,13.33064,74.707462,Overflow Risk
2026-08-09T21:42:53.288573,BIN_002,Malpe,80,59.42,33.42,90,13.386811,74.702684,Warning
2026-08-09T21:43:53.288573,BIN_018,Malpe,32,17.2,33.63,38,13.375596,74.737794,Normal
2026-08-09T21:44:53.288573,BIN_019,Kundapura,25,13.41,33.69,87,13.346541,74.799855,Normal
2026-08-09T21:45:53.288573,BIN_014,Malpe,42,19.57,29.09,52,13.333329,74.703057,Normal
2026-08-09T21:46:53.288573,BIN_005,Malpe,66,32.64,27.25,86,13.351108,74.766898,Normal
2026-08-09T21:47:53.288573,BIN_004,Manipal,36,27.64,25.96,24,13.370795,74.705158,Normal
2026-08-09T21:48:53.288573,BIN_014,Malpe,23,12.97,32.4,65,13.333329,74.703057,Normal
2026-08-09T21:49:53.288573,BIN_012,Udupi,40,22.55,35.23,100,13.300498,74.776004,Normal
2026-08-09T21:50:53.288573,BIN_005,Malpe,58,31.11,35.52,27,13.351108,74.766898,Normal
2026-08-09T21:51:53.288573,BIN_015,Udupi,10,5.97,33.47,24,13.361485,74.77039,Normal
2026-08-09T21:52:53.288573,BIN_009,Kundapura,89,63.87,32.12,51,13.352052,74.799791,Warning
2026-08-09T21:53:53.288573,BIN_009,Kundapura,52,32.65,32.08,84,13.352052,74.799791,Normal
2026-08-09T21:54:53.288573,BIN_020,Malpe,65,28.53,33.98,45,13.33064,74.707462,Normal
2026-08-09T21:55:53.288573,BIN_010,Udupi,42,27.14,38.55,92,13.328038,74.706134,Normal
2026-08-09T21:56:53.288573,BIN_008,Udupi,66,43.21,33.87,92,13.386612,74.743895,Normal
2026-08-09T21:57:53.288573,BIN_008,Udupi,13,7.35,26.82,47,13.386612,74.743895,Normal
2026-08-09T21:58:53.288573,BIN_012,Udupi,90,61.26,33.32,72,13.300498,74.776004,Overflow Risk
2026-08-09T21:59:53.288573,BIN_019,Kundapura,56,33.36,31.65,97,13.346541,74.799855,Normal
2026-08-09T22:00:53.288573,BIN_003,Udupi,24,14.16,36.45,95,13.36047,74.748956,Normal
2026-08-09T22:01:53.288573,BIN_014,Malpe,27,12.42,32.95,88,13.333329,74.703057,Normal
2026-08-09T22:02:53.288573,BIN_015,Udupi,66,31.0,34.27,80,13.361485,74.77039,Normal
2026-08-09T22:03:53.288573,BIN_013,Brahmagiri,66,35.91,37.76,62,13.314129,74.74159,Normal
2026-08-09T22:04:53.288573,BIN_017,Udupi,83,48.78,32.07,52,13.379624,74.705957,Warning
2026-08-09T22:05:53.288573,BIN_003,Udupi,33,17.54,29.61,21,13.36047,74.748956,Normal
2026-08-09T22:06:53.288573,BIN_015,Udupi,49,36.97,30.06,88,13.361485,74.77039,Normal
2026-08-09T22:07:53.288573,BIN_014,Malpe,22,16.63,29.57,68,13.333329,74.703057,Normal
2026-08-09T22:08:53.288573,BIN_004,Manipal,13,7.6,33.51,31,13.370795,74.705158,Normal
2026-08-09T22:09:53.288573,BIN_014,Malpe,16,11.27,26.6,76,13.333329,74.703057,Normal
2026-08-09T22:10:53.288573,BIN_003,Udupi,62,34.73,31.57,42,13.36047,74.748956,Normal
2026-08-09T22:11:53.288573,BIN_006,Manipal,72,45.96,33.59,87,13.389592,74.795714,Warning
2026-08-09T22:12:53.288573,BIN_017,Udupi,68,44.26,31.45,37,13.379624,74.705957,Normal
2026-08-09T22:13:53.288573,BIN_001,Malpe,59,34.77,25.48,42,13.312241,74.739286,Normal
2026-08-09T22:14:53.288573,BIN_017,Udupi,13,8.03,28.46,53,13.379624,74.705957,Normal
2026-08-09T22:15:53.288573,BIN_006,Manipal,56,25.49,26.84,25,13.389592,74.795714,Normal
2026-08-09T22:16:53.288573,BIN_006,Manipal,41,31.15,29.82,80,13.389592,74.795714,Normal
2026-08-09T22:17:53.288573,BIN_015,Udupi,82,55.86,32.79,98,13.361485,74.77039,Warning
2026-08-09T22:18:53.288573,BIN_012,Udupi,92,62.58,34.03,47,13.300498,74.776004,Overflow Risk
2026-08-09T22:19:53.288573,BIN_003,Udupi,43,21.28,39.06,70,13.36047,74.748956,Normal
2026-08-09T22:20:53.288573,BIN_008,Udupi,72,38.78,31.69,68,13.386612,74.743895,Warning
2026-08-09T22:21:53.288573,BIN_016,Brahmagiri,84,39.34,39.98,65,13.344545,74.718646,Warning
2026-08-09T22:22:53.288573,BIN_007,Manipal,98,66.89,37.47,93,13.340145,74.721582,Overflow Risk
2026-08-09T22:23:53.288573,BIN_003,Udupi,69,31.05,37.65,86,13.36047,74.748956,Normal
2026-08-09T22:24:53.288573,BIN_004,Manipal,77,59.82,25.73,33,13.370795,74.705158,Warning
2026-08-09T22:25:53.288573,BIN_002,Malpe,84,47.92,29.57,93,13.386811,74.702684,Warning
2026-08-09T22:26:53.288573,BIN_002,Malpe,56,36.87,28.74,81,13.386811,74.702684,Normal
2026-08-09T22:27:53.288573,BIN_005,Malpe,81,46.87,26.09,99,13.351108,74.766898,Warning
2026-08-09T22:28:53.288573,BIN_018,Malpe,38,21.81,27.6,36,13.375596,74.737794,Normal
2026-08-09T22:29:53.288573,BIN_017,Udupi,56,35.12,37.52,92,13.379624,74.705957,Normal
2026-08-09T22:30:53.288573,BIN_002,Malpe,77,49.45,30.15,32,13.386811,74.702684,Warning
2026-08-09T22:31:53.288573,BIN_012,Udupi,73,46.79,30.4,34,13.300498,74.776004,Warning
2026-08-09T22:32:53.288573,BIN_003,Udupi,22,12.46,28.98,75,13.36047,74.748956,Normal
2026-08-09T22:33:53.288573,BIN_004,Manipal,59,27.37,32.36,55,13.370795,74.705158,Normal
2026-08-09T22:34:53.288573,BIN_017,Udupi,94,53.04,28.33,98,13.379624,74.705957,Overflow Risk
2026-08-09T22:35:53.288573,BIN_005,Malpe,31,17.5,38.49,37,13.351108,74.766898,Normal
2026-08-09T22:36:53.288573,BIN_001,Malpe,99,51.37,39.7,21,13.312241,74.739286,Overflow Risk
2026-08-09T22:37:53.288573,BIN_002,Malpe,57,33.93,27.05,68,13.386811,74.702684,Normal
2026-08-09T22:38:53.288573,BIN_006,Manipal,33,24.33,27.85,51,13.389592,74.795714,Normal
2026-08-09T22:39:53.288573,BIN_011,Udupi,19,11.71,38.72,27,13.327527,74.745716,Normal
2026-08-09T22:40:53.288573,BIN_015,Udupi,77,45.91,35.56,44,13.361485,74.77039,Warning
2026-08-09T22:41:53.288573,BIN_002,Malpe,38,24.61,34.76,70,13.386811,74.702684,Normal
2026-08-09T22:42:53.288573,BIN_001,Malpe,75,42.02,36.53,96,13.312241,74.739286,Warning
2026-08-09T22:43:53.288573,BIN_004,Manipal,94,67.19,29.89,27,13.370795,74.705158,Overflow Risk
2026-08-09T22:44:53.288573,BIN_001,Malpe,68,34.47,38.95,74,13.312241,74.739286,Normal
2026-08-09T22:45:53.288573,BIN_004,Manipal,99,74.29,32.21,38,13.370795,74.705158,Overflow Risk
2026-08-09T22:46:53.288573,BIN_020,Malpe,63,29.18,29.91,93,13.33064,74.707462,Normal
2026-08-09T22:47:53.288573,BIN_015,Udupi,51,33.85,31.29,38,13.361485,74.77039,Normal
2026-08-09T22:48:53.288573,BIN_014,Malpe,11,7.12,35.81,39,13.333329,74.703057,Normal
2026-08-09T22:49:53.288573,BIN_009,Kundapura,41,18.94,35.57,41,13.352052,74.799791,Normal
2026-08-09T22:50:53.288573,BIN_016,Brahmagiri,88,42.25,37.24,57,13.344545,74.718646,Warning
2026-08-09T22:51:53.288573,BIN_007,Manipal,48,27.9,27.71,23,13.340145,74.721582,Normal
2026-08-09T22:52:53.288573,BIN_013,Brahmagiri,87,48.11,26.4,82,13.314129,74.74159,Warning
2026-08-09T22:53:53.288573,BIN_020,Malpe,33,13.81,36.87,55,13.33064,74.707462,Normal
2026-08-09T22:54:53.288573,BIN_003,Udupi,91,60.43,35.59,39,13.36047,74.748956,Overflow Risk
2026-08-09T22:55:53.288573,BIN_020,Malpe,17,9.65,35.11,66,13.33064,74.707462,Normal
2026-08-09T22:56:53.288573,BIN_010,Udupi,14,7.88,37.93,83,13.328038,74.706134,Normal
2026-08-09T22:57:53.288573,BIN_014,Malpe,55,33.64,34.17,39,13.333329,74.703057,Normal
2026-08-09T22:58:53.288573,BIN_001,Malpe,66,33.99,38.5,33,13.312241,74.739286,Normal
2026-08-09T22:59:53.288573,BIN_004,Manipal,77,36.03,35.55,65,13.370795,74.705158,Warning
2026-08-09T23:00:53.288573,BIN_013,Brahmagiri,51,23.61,36.86,40,13.314129,74.74159,Normal
2026-08-09T23:01:53.288573,BIN_006,Manipal,27,19.28,33.81,48,13.389592,74.795714,Normal
2026-08-09T23:02:53.288573,BIN_006,Manipal,60,43.59,37.36,21,13.389592,74.795714,Normal
2026-08-09T23:03:53.288573,BIN_002,Malpe,62,31.96,31.0,95,13.386811,74.702684,Normal
2026-08-09T23:04:53.288573,BIN_012,Udupi,63,28.95,33.37,50,13.300498,74.776004,Normal
2026-08-09T23:05:53.288573,BIN_011,Udupi,62,33.6,39.81,79,13.327527,74.745716,Normal
2026-08-09T23:06:53.288573,BIN_009,Kundapura,35,23.15,31.66,74,13.352052,74.799791,Normal
2026-08-09T23:07:53.288573,BIN_014,Malpe,51,34.61,29.15,64,13.333329,74.703057,Normal
2026-08-09T23:08:53.288573,BIN_016,Brahmagiri,26,15.13,31.56,45,13.344545,74.718646,Normal
2026-08-09T23:09:53.288573,BIN_016,Brahmagiri,72,32.14,27.96,96,13.344545,74.718646,Warning
2026-08-09T23:10:53.288573,BIN_017,Udupi,37,18.61,32.06,36,13.379624,74.705957,Normal
2026-08-09T23:11:53.288573,BIN_015,Udupi,54,27.34,35.11,81,13.361485,74.77039,Normal
2026-08-09T23:12:53.288573,BIN_008,Udupi,52,38.69,36.91,34,13.386612,74.743895,Normal
2026-08-09T23:13:53.288573,BIN_016,Brahmagiri,40,27.02,36.57,47,13.344545,74.718646,Normal
2026-08-09T23:14:53.288573,BIN_013,Brahmagiri,31,18.46,26.62,58,13.314129,74.74159,Normal
2026-08-09T23:15:53.288573,BIN_018,Malpe,27,12.83,39.71,77,13.375596,74.737794,Normal
2026-08-09T23:16:53.288573,BIN_001,Malpe,13,5.74,39.17,90,13.312241,74.739286,Normal
2026-08-09T23:17:53.288573,BIN_017,Udupi,90,63.05,28.27,23,13.379624,74.705957,Overflow Risk
2026-08-09T23:18:53.288573,BIN_005,Malpe,59,42.92,28.21,45,13.351108,74.766898,Normal
2026-08-09T23:19:53.288573,BIN_006,Manipal,65,35.99,26.21,31,13.389592,74.795714,Normal
2026-08-09T23:20:53.288573,BIN_014,Malpe,43,18.04,28.14,84,13.333329,74.703057,Normal
2026-08-09T23:21:53.288573,BIN_010,Udupi,41,19.5,32.47,67,13.328038,74.706134,Normal
2026-08-09T23:22:53.288573,BIN_015,Udupi,53,39.61,30.2,39,13.361485,74.77039,Normal
2026-08-09T23:23:53.288573,BIN_004,Manipal,61,25.8,26.03,30,13.370795,74.705158,Normal
2026-08-09T23:24:53.288573,BIN_006,Manipal,36,27.84,36.3,92,13.389592,74.795714,Normal
2026-08-09T23:25:53.288573,BIN_005,Malpe,66,29.25,38.97,69,13.351108,74.766898,Normal
2026-08-09T23:26:53.288573,BIN_003,Udupi,85,48.98,26.07,40,13.36047,74.748956,Warning
2026-08-09T23:27:53.288573,BIN_020,Malpe,99,60.38,25.49,53,13.33064,74.707462,Overflow Risk
2026-08-09T23:28:53.288573,BIN_012,Udupi,82,47.85,35.41,28,13.300498,74.776004,Warning
2026-08-09T23:29:53.288573,BIN_001,Malpe,90,43.27,29.14,45,13.312241,74.739286,Overflow Risk
2026-08-09T23:30:53.288573,BIN_011,Udupi,56,37.67,36.73,44,13.327527,74.745716,Normal
2026-08-09T23:31:53.288573,BIN_020,Malpe,100,51.6,31.64,25,13.33064,74.707462,Overflow Risk
2026-08-09T23:32:53.288573,BIN_020,Malpe,96,60.17,39.68,98,13.33064,74.707462,Overflow Risk
2026-08-09T23:33:53.288573,BIN_020,Malpe,16,7.45,37.35,76,13.33064,74.707462,Normal
2026-08-09T23:34:53.288573,BIN_002,Malpe,91,63.61,38.07,39,13.386811,74.702684,Overflow Risk
2026-08-09T23:35:53.288573,BIN_012,Udupi,30,19.4,29.37,32,13.300498,74.776004,Normal
2026-08-09T23:36:53.288573,BIN_014,Malpe,60,28.56,37.53,20,13.333329,74.703057,Normal
2026-08-09T23:37:53.288573,BIN_004,Manipal,29,18.29,34.37,47,13.370795,74.705158,Normal
2026-08-09T23:38:53.288573,BIN_020,Malpe,20,12.01,26.22,58,13.33064,74.707462,Normal
2026-08-09T23:39:53.288573,BIN_020,Malpe,38,19.05,35.9,50,13.33064,74.707462,Normal
2026-08-09T23:40:53.288573,BIN_011,Udupi,28,20.83,25.77,80,13.327527,74.745716,Normal
2026-08-09T23:41:53.288573,BIN_018,Malpe,66,44.12,28.41,86,13.375596,74.737794,Normal
2026-08-09T23:42:53.288573,BIN_003,Udupi,18,7.84,35.18,44,13.36047,74.748956,Normal
2026-08-09T23:43:53.288573,BIN_012,Udupi,88,51.71,38.02,87,13.300498,74.776004,Warning
2026-08-09T23:44:53.288573,BIN_010,Udupi,47,34.18,31.5,58,13.328038,74.706134,Normal
2026-08-09T23:45:53.288573,BIN_018,Malpe,18,13.98,35.35,31,13.375596,74.737794,Normal
2026-08-09T23:46:53.288573,BIN_005,Malpe,80,37.27,28.03,65,13.351108,74.766898,Warning
2026-08-09T23:47:53.288573,BIN_010,Udupi,44,21.05,30.03,61,13.328038,74.706134,Normal
2026-08-09T23:48:53.288573,BIN_005,Malpe,71,47.86,37.35,49,13.351108,74.766898,Warning
2026-08-09T23:49:53.288573,BIN_011,Udupi,100,48.7,27.45,77,13.327527,74.745716,Overflow Risk
2026-08-09T23:50:53.288573,BIN_004,Manipal,89,42.0,36.82,87,13.370795,74.705158,Warning
2026-08-09T23:51:53.288573,BIN_013,Brahmagiri,71,51.64,35.99,66,13.314129,74.74159,Warning
2026-08-09T23:52:53.288573,BIN_012,Udupi,13,6.44,39.96,65,13.300498,74.776004,Normal
2026-08-09T23:53:53.288573,BIN_018,Malpe,95,56.26,38.5,61,13.375596,74.737794,Overflow Risk
2026-08-09T23:54:53.288573,BIN_016,Brahmagiri,45,25.57,33.81,26,13.344545,74.718646,Normal
2026-08-09T23:55:53.288573,BIN_006,Manipal,97,50.81,33.36,49,13.389592,74.795714,Overflow Risk
2026-08-09T23:56:53.288573,BIN_001,Malpe,64,39.83,37.16,40,13.312241,74.739286,Normal
2026-08-09T23:57:53.288573,BIN_010,Udupi,10,4.47,39.69,89,13.328038,74.706134,Normal
2026-08-09T23:58:53.288573,BIN_013,Brahmagiri,79,56.03,36.28,99,13.314129,74.74159,Warning
2026-08-09T23:59:53.288573,BIN_017,Udupi,30,22.29,30.95,88,13.379624,74.705957,Normal
2026-08-10T00:00:53.288573,BIN_019,Kundapura,62,43.51,34.08,60,13.346541,74.799855,Normal
2026-08-10T00:01:53.288573,BIN_003,Udupi,33,23.49,27.97,88,13.36047,74.748956,Normal
2026-08-10T00:02:53.288573,BIN_015,Udupi,67,31.05,28.55,72,13.361485,74.77039,Normal
2026-08-10T00:03:53.288573,BIN_018,Malpe,74,58.41,37.07,63,13.375596,74.737794,Warning
2026-08-10T00:04:53.288573,BIN_013,Brahmagiri,33,14.21,37.24,100,13.314129,74.74159,Normal
2026-08-10T00:05:53.288573,BIN_014,Malpe,75,44.09,32.18,41,13.333329,74.703057,Warning
2026-08-10T00:06:53.288573,BIN_015,Udupi,51,31.7,34.83,56,13.361485,74.77039,Normal
2026-08-10T00:07:53.288573,BIN_002,Malpe,35,27.32,31.98,82,13.386811,74.702684,Normal
2026-08-10T00:08:53.288573,BIN_009,Kundapura,66,51.7,28.8,69,13.352052,74.799791,Normal
2026-08-10T00:09:53.288573,BIN_019,Kundapura,19,9.67,36.62,55,13.346541,74.799855,Normal
2026-08-10T00:10:53.288573,BIN_020,Malpe,43,23.26,28.12,70,13.33064,74.707462,Normal
2026-08-10T00:11:53.288573,BIN_010,Udupi,32,19.19,29.45,47,13.328038,74.706134,Normal
2026-08-10T00:12:53.288573,BIN_008,Udupi,45,19.69,37.61,93,13.386612,74.743895,Normal
2026-08-10T00:13:53.288573,BIN_016,Brahmagiri,87,66.3,34.66,99,13.344545,74.718646,Warning
2026-08-10T00:14:53.288573,BIN_003,Udupi,27,14.79,38.65,76,13.36047,74.748956,Normal
2026-08-10T00:15:53.288573,BIN_020,Malpe,39,30.03,28.0,78,13.33064,74.707462,Normal
2026-08-10T00:16:53.288573,BIN_001,Malpe,90,67.36,30.6,96,13.312241,74.739286,Overflow Risk
2026-08-10T00:17:53.288573,BIN_008,Udupi,81,42.11,36.84,75,13.386612,74.743895,Warning
2026-08-10T00:18:53.288573,BIN_009,Kundapura,53,35.26,37.93,73,13.352052,74.799791,Normal
2026-08-10T00:19:53.288573,BIN_001,Malpe,51,35.69,29.84,30,13.312241,74.739286,Normal
2026-08-10T00:20:53.288573,BIN_009,Kundapura,100,76.7,32.94,28,13.352052,74.799791,Overflow Risk
2026-08-10T00:21:53.288573,BIN_013,Brahmagiri,42,17.25,28.48,24,13.314129,74.74159,Normal
2026-08-10T00:22:53.288573,BIN_015,Udupi,80,59.37,27.94,21,13.361485,74.77039,Warning
2026-08-10T00:23:53.288573,BIN_013,Brahmagiri,10,5.75,32.31,87,13.314129,74.74159,Normal
2026-08-10T00:24:53.288573,BIN_009,Kundapura,91,52.94,27.39,74,13.352052,74.799791,Overflow Risk
2026-08-10T00:25:53.288573,BIN_009,Kundapura,92,59.03,37.53,71,13.352052,74.799791,Overflow Risk
2026-08-10T00:26:53.288573,BIN_018,Malpe,28,20.97,27.94,36,13.375596,74.737794,Normal
2026-08-10T00:27:53.288573,BIN_015,Udupi,25,11.29,38.41,54,13.361485,74.77039,Normal
2026-08-10T00:28:53.288573,BIN_015,Udupi,34,17.98,25.23,56,13.361485,74.77039,Normal
2026-08-10T00:29:53.288573,BIN_013,Brahmagiri,15,7.18,38.46,36,13.314129,74.74159,Normal
2026-08-10T00:30:53.288573,BIN_006,Manipal,23,13.26,27.42,68,13.389592,74.795714,Normal
2026-08-10T00:31:53.288573,BIN_008,Udupi,73,40.67,30.02,45,13.386612,74.743895,Warning
2026-08-10T00:32:53.288573,BIN_009,Kundapura,64,45.21,28.58,58,13.352052,74.799791,Normal
2026-08-10T00:33:53.288573,BIN_006,Manipal,71,53.97,38.24,79,13.389592,74.795714,Warning
2026-08-10T00:34:53.288573,BIN_019,Kundapura,56,29.58,33.5,81,13.346541,74.799855,Normal
2026-08-10T00:35:53.288573,BIN_015,Udupi,19,14.8,25.44,21,13.361485,74.77039,Normal
2026-08-10T00:36:53.288573,BIN_009,Kundapura,21,10.36,26.08,91,13.352052,74.799791,Normal
2026-08-10T00:37:53.288573,BIN_014,Malpe,12,5.55,31.82,63,13.333329,74.703057,Normal
2026-08-10T00:38:53.288573,BIN_018,Malpe,29,16.37,38.67,56,13.375596,74.737794,Normal
2026-08-10T00:39:53.288573,BIN_003,Udupi,60,25.95,30.18,51,13.36047,74.748956,Normal
2026-08-10T00:40:53.288573,BIN_014,Malpe,91,39.05,37.87,53,13.333329,74.703057,Overflow Risk
2026-08-10T00:41:53.288573,BIN_017,Udupi,86,35.53,25.46,41,13.379624,74.705957,Warning
2026-08-10T00:42:53.288573,BIN_002,Malpe,38,16.87,31.26,63,13.386811,74.702684,Normal
2026-08-10T00:43:53.288573,BIN_008,Udupi,15,11.48,30.09,36,13.386612,74.743895,Normal
2026-08-10T00:44:53.288573,BIN_003,Udupi,59,33.92,34.29,23,13.36047,74.748956,Normal
2026-08-10T00:45:53.288573,BIN_004,Manipal,75,34.28,27.59,77,13.370795,74.705158,Warning
2026-08-10T00:46:53.288573,BIN_005,Malpe,12,6.64,27.52,44,13.351108,74.766898,Normal
2026-08-10T00:47:53.288573,BIN_012,Udupi,48,37.73,28.51,73,13.300498,74.776004,Normal
2026-08-10T00:48:53.288573,BIN_014,Malpe,32,16.73,33.94,56,13.333329,74.703057,Normal
2026-08-10T00:49:53.288573,BIN_017,Udupi,51,30.66,37.72,22,13.379624,74.705957,Normal
2026-08-10T00:50:53.288573,BIN_003,Udupi,24,11.07,26.66,66,13.36047,74.748956,Normal
2026-08-10T00:51:53.288573,BIN_002,Malpe,97,60.96,36.27,87,13.386811,74.702684,Overflow Risk
2026-08-10T00:52:53.288573,BIN_004,Manipal,96,74.55,38.69,68,13.370795,74.705158,Overflow Risk
2026-08-10T00:53:53.288573,BIN_015,Udupi,35,25.89,33.47,31,13.361485,74.77039,Normal
2026-08-10T00:54:53.288573,BIN_008,Udupi,27,17.68,29.82,90,13.386612,74.743895,Normal
2026-08-10T00:55:53.288573,BIN_001,Malpe,48,32.38,28.02,61,13.312241,74.739286,Normal
2026-08-10T00:56:53.288573,BIN_019,Kundapura,90,52.55,25.53,36,13.346541,74.799855,Overflow Risk
2026-08-10T00:57:53.288573,BIN_015,Udupi,48,31.76,30.14,98,13.361485,74.77039,Normal
2026-08-10T00:58:53.288573,BIN_014,Malpe,88,48.5,29.09,25,13.333329,74.703057,Warning
2026-08-10T00:59:53.288573,BIN_003,Udupi,67,38.55,29.81,71,13.36047,74.748956,Normal
2026-08-10T01:00:53.288573,BIN_012,Udupi,95,66.58,30.23,74,13.300498,74.776004,Overflow Risk
2026-08-10T01:01:53.288573,BIN_009,Kundapura,66,44.97,25.36,85,13.352052,74.799791,Normal
2026-08-10T01:02:53.288573,BIN_011,Udupi,13,6.9,39.51,86,13.327527,74.745716,Normal
2026-08-10T01:03:53.288573,BIN_007,Manipal,96,39.88,28.51,42,13.340145,74.721582,Overflow Risk
2026-08-10T01:04:53.288573,BIN_009,Kundapura,67,52.4,32.2,57,13.352052,74.799791,Normal
2026-08-10T01:05:53.288573,BIN_016,Brahmagiri,82,61.29,36.29,100,13.344545,74.718646,Warning
2026-08-10T01:06:53.288573,BIN_002,Malpe,49,36.17,36.73,100,13.386811,74.702684,Normal
2026-08-10T01:07:53.288573,BIN_010,Udupi,84,39.42,38.96,95,13.328038,74.706134,Warning
2026-08-10T01:08:53.288573,BIN_005,Malpe,49,31.97,30.76,77,13.351108,74.766898,Normal
2026-08-10T01:09:53.288573,BIN_016,Brahmagiri,28,16.02,38.89,86,13.344545,74.718646,Normal
2026-08-10T01:10:53.288573,BIN_011,Udupi,11,8.4,26.69,83,13.327527,74.745716,Normal
2026-08-10T01:11:53.288573,BIN_012,Udupi,40,27.45,35.87,75,13.300498,74.776004,Normal
2026-08-10T01:12:53.288573,BIN_020,Malpe,44,31.92,36.26,22,13.33064,74.707462,Normal
2026-08-10T01:13:53.288573,BIN_003,Udupi,34,24.96,39.77,95,13.36047,74.748956,Normal
2026-08-10T01:14:53.288573,BIN_011,Udupi,57,25.03,26.01,31,13.327527,74.745716,Normal
2026-08-10T01:15:53.288573,BIN_006,Manipal,35,25.58,25.02,77,13.389592,74.795714,Normal
2026-08-10T01:16:53.288573,BIN_001,Malpe,81,60.64,39.81,24,13.312241,74.739286,Warning
2026-08-10T01:17:53.288573,BIN_008,Udupi,27,20.77,34.88,100,13.386612,74.743895,Normal
2026-08-10T01:18:53.288573,BIN_002,Malpe,22,10.06,25.22,35,13.386811,74.702684,Normal
2026-08-10T01:19:53.288573,BIN_018,Malpe,21,14.92,34.56,23,13.375596,74.737794,Normal
2026-08-10T01:20:53.288573,BIN_014,Malpe,58,44.01,34.01,39,13.333329,74.703057,Normal
2026-08-10T01:21:53.288573,BIN_020,Malpe,41,32.37,31.58,36,13.33064,74.707462,Normal
2026-08-10T01:22:53.288573,BIN_020,Malpe,25,14.98,35.92,64,13.33064,74.707462,Normal
2026-08-10T01:23:53.288573,BIN_020,Malpe,18,11.48,28.02,29,13.33064,74.707462,Normal
2026-08-10T01:24:53.288573,BIN_005,Malpe,36,28.76,29.76,36,13.351108,74.766898,Normal
2026-08-10T01:25:53.288573,BIN_001,Malpe,73,35.83,31.93,25,13.312241,74.739286,Warning
2026-08-10T01:26:53.288573,BIN_002,Malpe,23,13.5,27.74,97,13.386811,74.702684,Normal
2026-08-10T01:27:53.288573,BIN_007,Manipal,90,67.57,29.58,49,13.340145,74.721582,Overflow Risk
2026-08-10T01:28:53.288573,BIN_002,Malpe,72,32.88,30.02,39,13.386811,74.702684,Warning
2026-08-10T01:29:53.288573,BIN_020,Malpe,38,21.61,37.32,25,13.33064,74.707462,Normal
2026-08-10T01:30:53.288573,BIN_004,Manipal,16,11.03,26.28,55,13.370795,74.705158,Normal
2026-08-10T01:31:53.288573,BIN_019,Kundapura,60,32.36,27.71,91,13.346541,74.799855,Normal
2026-08-10T01:32:53.288573,BIN_002,Malpe,59,41.72,33.1,62,13.386811,74.702684,Normal
2026-08-10T01:33:53.288573,BIN_015,Udupi,74,34.77,27.88,42,13.361485,74.77039,Warning
2026-08-10T01:34:53.288573,BIN_020,Malpe,63,30.67,27.42,90,13.33064,74.707462,Normal
2026-08-10T01:35:53.288573,BIN_005,Malpe,56,36.4,25.78,21,13.351108,74.766898,Normal
2026-08-10T01:36:53.288573,BIN_018,Malpe,74,43.62,30.07,68,13.375596,74.737794,Warning
2026-08-10T01:37:53.288573,BIN_001,Malpe,90,38.07,30.13,60,13.312241,74.739286,Overflow Risk
2026-08-10T01:38:53.288573,BIN_020,Malpe,76,32.9,31.23,67,13.33064,74.707462,Warning
2026-08-10T01:39:53.288573,BIN_002,Malpe,92,39.98,37.14,28,13.386811,74.702684,Overflow Risk
2026-08-10T01:40:53.288573,BIN_014,Malpe,88,57.17,25.29,59,13.333329,74.703057,Warning
2026-08-10T01:41:53.288573,BIN_007,Manipal,42,18.2,36.43,23,13.340145,74.721582,Normal
2026-08-10T01:42:53.288573,BIN_010,Udupi,24,15.38,29.19,97,13.328038,74.706134,Normal
2026-08-10T01:43:53.288573,BIN_008,Udupi,98,53.52,28.4,31,13.386612,74.743895,Overflow Risk
2026-08-10T01:44:53.288573,BIN_008,Udupi,99,77.87,39.32,70,13.386612,74.743895,Overflow Risk
2026-08-10T01:45:53.288573,BIN_018,Malpe,10,4.9,31.26,79,13.375596,74.737794,Normal
2026-08-10T01:46:53.288573,BIN_020,Malpe,46,19.44,38.83,64,13.33064,74.707462,Normal
2026-08-10T01:47:53.288573,BIN_010,Udupi,95,59.33,33.79,54,13.328038,74.706134,Overflow Risk
2026-08-10T01:48:53.288573,BIN_006,Manipal,27,20.2,27.78,78,13.389592,74.795714,Normal
2026-08-10T01:49:53.288573,BIN_017,Udupi,77,31.22,28.66,38,13.379624,74.705957,Warning
2026-08-10T01:50:53.288573,BIN_002,Malpe,55,39.07,35.74,79,13.386811,74.702684,Normal
2026-08-10T01:51:53.288573,BIN_014,Malpe,90,64.95,26.35,100,13.333329,74.703057,Overflow Risk
2026-08-10T01:52:53.288573,BIN_014,Malpe,24,12.94,34.77,20,13.333329,74.703057,Normal
2026-08-10T01:53:53.288573,BIN_002,Malpe,57,44.13,38.99,74,13.386811,74.702684,Normal
2026-08-10T01:54:53.288573,BIN_004,Manipal,15,11.41,32.74,20,13.370795,74.705158,Normal
2026-08-10T01:55:53.288573,BIN_004,Manipal,44,21.09,31.31,62,13.370795,74.705158,Normal
2026-08-10T01:56:53.288573,BIN_019,Kundapura,67,45.91,35.54,36,13.346541,74.799855,Normal
2026-08-10T01:57:53.288573,BIN_020,Malpe,52,31.32,33.97,51,13.33064,74.707462,Normal
2026-08-10T01:58:53.288573,BIN_007,Manipal,41,29.58,34.41,30,13.340145,74.721582,Normal
2026-08-10T01:59:53.288573,BIN_018,Malpe,30,15.35,39.27,100,13.375596,74.737794,Normal
2026-08-10T02:00:53.288573,BIN_006,Manipal,12,7.4,27.82,84,13.389592,74.795714,Normal
2026-08-10T02:01:53.288573,BIN_001,Malpe,79,51.04,27.58,21,13.312241,74.739286,Warning
2026-08-10T02:02:53.288573,BIN_003,Udupi,41,27.38,28.34,59,13.36047,74.748956,Normal
2026-08-10T02:03:53.288573,BIN_016,Brahmagiri,39,22.41,26.56,68,13.344545,74.718646,Normal
2026-08-10T02:04:53.288573,BIN_004,Manipal,82,56.9,38.18,64,13.370795,74.705158,Warning
2026-08-10T02:05:53.288573,BIN_018,Malpe,79,62.93,26.38,86,13.375596,74.737794,Warning
2026-08-10T02:06:53.288573,BIN_002,Malpe,80,50.07,27.49,27,13.386811,74.702684,Warning
2026-08-10T02:07:53.288573,BIN_020,Malpe,77,49.37,39.9,23,13.33064,74.707462,Warning
2026-08-10T02:08:53.288573,BIN_020,Malpe,44,20.28,35.58,28,13.33064,74.707462,Normal
2026-08-10T02:09:53.288573,BIN_008,Udupi,31,20.72,37.56,85,13.386612,74.743895,Normal
2026-08-10T02:10:53.288573,BIN_020,Malpe,55,26.48,38.48,66,13.33064,74.707462,Normal
2026-08-10T02:11:53.288573,BIN_018,Malpe,66,36.84,35.65,41,13.375596,74.737794,Normal
2026-08-10T02:12:53.288573,BIN_020,Malpe,37,24.9,32.37,88,13.33064,74.707462,Normal
2026-08-10T02:13:53.288573,BIN_020,Malpe,58,27.31,39.91,92,13.33064,74.707462,Normal
2026-08-10T02:14:53.288573,BIN_007,Manipal,66,41.26,39.07,25,13.340145,74.721582,Normal
2026-08-10T02:15:53.288573,BIN_001,Malpe,29,13.83,38.02,35,13.312241,74.739286,Normal
2026-08-10T02:16:53.288573,BIN_010,Udupi,64,27.21,33.62,64,13.328038,74.706134,Normal
2026-08-10T02:17:53.288573,BIN_016,Brahmagiri,59,33.44,33.92,80,13.344545,74.718646,Normal
2026-08-10T02:18:53.288573,BIN_015,Udupi,37,16.37,25.79,65,13.361485,74.77039,Normal
2026-08-10T02:19:53.288573,BIN_010,Udupi,97,63.83,37.29,71,13.328038,74.706134,Overflow Risk
2026-08-10T02:20:53.288573,BIN_002,Malpe,32,24.77,31.04,44,13.386811,74.702684,Normal
2026-08-10T02:21:53.288573,BIN_007,Manipal,88,43.88,39.32,25,13.340145,74.721582,Warning
2026-08-10T02:22:53.288573,BIN_020,Malpe,25,11.75,31.51,94,13.33064,74.707462,Normal
2026-08-10T02:23:53.288573,BIN_016,Brahmagiri,12,5.98,28.15,58,13.344545,74.718646,Normal
2026-08-10T02:24:53.288573,BIN_005,Malpe,90,59.22,32.86,83,13.351108,74.766898,Overflow Risk
2026-08-10T02:25:53.288573,BIN_012,Udupi,14,7.7,29.84,22,13.300498,74.776004,Normal
2026-08-10T02:26:53.288573,BIN_018,Malpe,30,22.84,25.89,53,13.375596,74.737794,Normal
2026-08-10T02:27:53.288573,BIN_007,Manipal,55,22.18,28.37,42,13.340145,74.721582,Normal
2026-08-10T02:28:53.288573,BIN_003,Udupi,90,51.65,37.0,68,13.36047,74.748956,Overflow Risk
2026-08-10T02:29:53.288573,BIN_001,Malpe,74,32.49,38.88,65,13.312241,74.739286,Warning
2026-08-10T02:30:53.288573,BIN_003,Udupi,15,11.38,29.79,42,13.36047,74.748956,Normal
2026-08-10T02:31:53.288573,BIN_010,Udupi,48,28.16,27.25,35,13.328038,74.706134,Normal
2026-08-10T02:32:53.288573,BIN_005,Malpe,96,62.47,37.4,56,13.351108,74.766898,Overflow Risk
2026-08-10T02:33:53.288573,BIN_011,Udupi,49,29.83,34.93,56,13.327527,74.745716,Normal
2026-08-10T02:34:53.288573,BIN_014,Malpe,79,37.05,28.14,38,13.333329,74.703057,Warning
2026-08-10T02:35:53.288573,BIN_007,Manipal,70,39.05,35.81,69,13.340145,74.721582,Warning
2026-08-10T02:36:53.288573,BIN_010,Udupi,34,14.01,31.21,76,13.328038,74.706134,Normal
2026-08-10T02:37:53.288573,BIN_003,Udupi,55,28.81,31.1,34,13.36047,74.748956,Normal
2026-08-10T02:38:53.288573,BIN_010,Udupi,61,29.64,30.1,93,13.328038,74.706134,Normal
2026-08-10T02:39:53.288573,BIN_014,Malpe,29,11.74,33.18,96,13.333329,74.703057,Normal
2026-08-10T02:40:53.288573,BIN_020,Malpe,49,34.26,28.06,39,13.33064,74.707462,Normal
2026-08-10T02:41:53.288573,BIN_009,Kundapura,83,38.25,30.76,92,13.352052,74.799791,Warning
2026-08-10T02:42:53.288573,BIN_013,Brahmagiri,75,58.82,29.53,50,13.314129,74.74159,Warning
2026-08-10T02:43:53.288573,BIN_010,Udupi,82,51.1,26.95,66,13.328038,74.706134,Warning
2026-08-10T02:44:53.288573,BIN_018,Malpe,21,10.4,30.89,50,13.375596,74.737794,Normal
2026-08-10T02:45:53.288573,BIN_013,Brahmagiri,40,24.72,37.27,76,13.314129,74.74159,Normal
2026-08-10T02:46:53.288573,BIN_008,Udupi,47,18.83,39.84,35,13.386612,74.743895,Normal
2026-08-10T02:47:53.288573,BIN_018,Malpe,47,37.19,35.74,92,13.375596,74.737794,Normal
2026-08-10T02:48:53.288573,BIN_015,Udupi,41,25.51,36.39,98,13.361485,74.77039,Normal
2026-08-10T02:49:53.288573,BIN_012,Udupi,14,8.14,38.42,68,13.300498,74.776004,Normal
2026-08-10T02:50:53.288573,BIN_014,Malpe,83,48.2,27.05,25,13.333329,74.703057,Warning
2026-08-10T02:51:53.288573,BIN_005,Malpe,79,40.75,34.89,60,13.351108,74.766898,Warning
2026-08-10T02:52:53.288573,BIN_002,Malpe,89,66.55,28.33,43,13.386811,74.702684,Warning
2026-08-10T02:53:53.288573,BIN_020,Malpe,27,18.04,38.05,41,13.33064,74.707462,Normal
2026-08-10T02:54:53.288573,BIN_003,Udupi,45,29.78,33.48,78,13.36047,74.748956,Normal
2026-08-10T02:55:53.288573,BIN_015,Udupi,29,22.77,33.17,47,13.361485,74.77039,Normal
2026-08-10T02:56:53.288573,BIN_016,Brahmagiri,44,30.34,32.89,96,13.344545,74.718646,Normal
2026-08-10T02:57:53.288573,BIN_019,Kundapura,52,33.35,32.83,71,13.346541,74.799855,Normal
2026-08-10T02:58:53.288573,BIN_003,Udupi,88,68.75,39.53,52,13.36047,74.748956,Warning
2026-08-10T02:59:53.288573,BIN_002,Malpe,66,30.5,30.05,42,13.386811,74.702684,Normal
2026-08-10T03:00:53.288573,BIN_020,Malpe,82,51.93,36.32,72,13.33064,74.707462,Warning
2026-08-10T03:01:53.288573,BIN_006,Manipal,92,68.53,31.87,100,13.389592,74.795714,Overflow Risk
2026-08-10T03:02:53.288573,BIN_001,Malpe,51,24.52,37.69,30,13.312241,74.739286,Normal
2026-08-10T03:03:53.288573,BIN_018,Malpe,15,6.4,35.73,67,13.375596,74.737794,Normal
2026-08-10T03:04:53.288573,BIN_008,Udupi,18,9.62,28.38,63,13.386612,74.743895,Normal
2026-08-10T03:05:53.288573,BIN_010,Udupi,26,16.0,28.35,61,13.328038,74.706134,Normal
2026-08-10T03:06:53.288573,BIN_015,Udupi,48,20.42,30.15,67,13.361485,74.77039,Normal
2026-08-10T03:07:53.288573,BIN_020,Malpe,12,8.1,36.21,54,13.33064,74.707462,Normal
2026-08-10T03:08:53.288573,BIN_019,Kundapura,20,13.32,37.15,24,13.346541,74.799855,Normal
2026-08-10T03:09:53.288573,BIN_009,Kundapura,12,8.6,29.62,96,13.352052,74.799791,Normal
2026-08-10T03:10:53.288573,BIN_018,Malpe,81,49.47,32.56,38,13.375596,74.737794,Warning
2026-08-10T03:11:53.288573,BIN_010,Udupi,85,60.85,39.15,66,13.328038,74.706134,Warning
2026-08-10T03:12:53.288573,BIN_002,Malpe,74,37.62,32.07,31,13.386811,74.702684,Warning
2026-08-10T03:13:53.288573,BIN_010,Udupi,71,38.43,31.11,100,13.328038,74.706134,Warning
2026-08-10T03:14:53.288573,BIN_003,Udupi,62,41.41,39.19,27,13.36047,74.748956,Normal
2026-08-10T03:15:53.288573,BIN_012,Udupi,51,30.19,39.08,85,13.300498,74.776004,Normal
2026-08-10T03:16:53.288573,BIN_018,Malpe,66,49.16,31.22,36,13.375596,74.737794,Normal
2026-08-10T03:17:53.288573,BIN_015,Udupi,13,7.91,36.94,81,13.361485,74.77039,Normal
2026-08-10T03:18:53.288573,BIN_017,Udupi,21,9.06,37.79,46,13.379624,74.705957,Normal
2026-08-10T03:19:53.288573,BIN_013,Brahmagiri,39,24.5,26.25,20,13.314129,74.74159,Normal
2026-08-10T03:20:53.288573,BIN_013,Brahmagiri,25,14.56,39.25,20,13.314129,74.74159,Normal
2026-08-10T03:21:53.288573,BIN_014,Malpe,91,48.36,39.73,30,13.333329,74.703057,Overflow Risk
2026-08-10T03:22:53.288573,BIN_014,Malpe,40,20.55,36.79,61,13.333329,74.703057,Normal
2026-08-10T03:23:53.288573,BIN_011,Udupi,91,68.63,33.42,86,13.327527,74.745716,Overflow Risk
2026-08-10T03:24:53.288573,BIN_008,Udupi,28,11.25,31.89,66,13.386612,74.743895,Normal
2026-08-10T03:25:53.288573,BIN_004,Manipal,86,60.76,37.74,71,13.370795,74.705158,Warning
2026-08-10T03:26:53.288573,BIN_005,Malpe,29,22.0,38.1,68,13.351108,74.766898,Normal
2026-08-10T03:27:53.288573,BIN_005,Malpe,75,31.93,25.47,67,13.351108,74.766898,Warning
2026-08-10T03:28:53.288573,BIN_006,Manipal,79,61.85,39.35,69,13.389592,74.795714,Warning
2026-08-10T03:29:53.288573,BIN_019,Kundapura,59,33.28,30.39,76,13.346541,74.799855,Normal
2026-08-10T03:30:53.288573,BIN_015,Udupi,65,29.04,36.55,70,13.361485,74.77039,Normal
2026-08-10T03:31:53.288573,BIN_005,Malpe,85,65.76,38.77,39,13.351108,74.766898,Warning
2026-08-10T03:32:53.288573,BIN_002,Malpe,61,31.1,36.26,44,13.386811,74.702684,Normal
2026-08-10T03:33:53.288573,BIN_013,Brahmagiri,57,23.17,29.49,66,13.314129,74.74159,Normal
2026-08-10T03:34:53.288573,BIN_020,Malpe,52,38.94,26.93,92,13.33064,74.707462,Normal
2026-08-10T03:35:53.288573,BIN_002,Malpe,28,20.96,28.36,71,13.386811,74.702684,Normal
2026-08-10T03:36:53.288573,BIN_009,Kundapura,14,10.17,30.53,22,13.352052,74.799791,Normal
2026-08-10T03:37:53.288573,BIN_006,Manipal,10,5.77,34.0,90,13.389592,74.795714,Normal
2026-08-10T03:38:53.288573,BIN_010,Udupi,26,16.71,39.34,99,13.328038,74.706134,Normal
2026-08-10T03:39:53.288573,BIN_018,Malpe,56,33.86,26.76,45,13.375596,74.737794,Normal
2026-08-10T03:40:53.288573,BIN_009,Kundapura,68,35.86,25.74,36,13.352052,74.799791,Normal
2026-08-10T03:41:53.288573,BIN_016,Brahmagiri,87,34.84,34.05,47,13.344545,74.718646,Warning
2026-08-10T03:42:53.288573,BIN_012,Udupi,31,16.79,28.51,36,13.300498,74.776004,Normal
2026-08-10T03:43:53.288573,BIN_014,Malpe,27,20.05,26.14,57,13.333329,74.703057,Normal
2026-08-10T03:44:53.288573,BIN_019,Kundapura,31,18.62,31.4,25,13.346541,74.799855,Normal
2026-08-10T03:45:53.288573,BIN_003,Udupi,18,10.13,35.4,54,13.36047,74.748956,Normal
2026-08-10T03:46:53.288573,BIN_003,Udupi,63,31.87,34.06,94,13.36047,74.748956,Normal
2026-08-10T03:47:53.288573,BIN_013,Brahmagiri,70,52.72,30.73,59,13.314129,74.74159,Warning
2026-08-10T03:48:53.288573,BIN_017,Udupi,19,9.03,39.47,32,13.379624,74.705957,Normal
2026-08-10T03:49:53.288573,BIN_011,Udupi,27,16.92,28.22,35,13.327527,74.745716,Normal
2026-08-10T03:50:53.288573,BIN_009,Kundapura,81,54.5,27.01,21,13.352052,74.799791,Warning
2026-08-10T03:51:53.288573,BIN_020,Malpe,72,29.07,33.2,100,13.33064,74.707462,Warning
2026-08-10T03:52:53.288573,BIN_002,Malpe,21,11.68,39.93,94,13.386811,74.702684,Normal
2026-08-10T03:53:53.288573,BIN_014,Malpe,12,7.71,28.23,39,13.333329,74.703057,Normal
2026-08-10T03:54:53.288573,BIN_010,Udupi,84,42.6,36.18,85,13.328038,74.706134,Warning
2026-08-10T03:55:53.288573,BIN_003,Udupi,85,55.17,33.69,63,13.36047,74.748956,Warning
2026-08-10T03:56:53.288573,BIN_002,Malpe,82,52.83,38.99,45,13.386811,74.702684,Warning
2026-08-10T03:57:53.288573,BIN_007,Manipal,73,57.02,28.5,79,13.340145,74.721582,Warning
2026-08-10T03:58:53.288573,BIN_007,Manipal,48,28.41,28.92,30,13.340145,74.721582,Normal
2026-08-10T03:59:53.288573,BIN_010,Udupi,80,48.42,31.26,41,13.328038,74.706134,Warning
2026-08-10T04:00:53.288573,BIN_010,Udupi,50,39.33,26.61,40,13.328038,74.706134,Normal
2026-08-10T04:01:53.288573,BIN_003,Udupi,68,42.87,36.15,62,13.36047,74.748956,Normal
2026-08-10T04:02:53.288573,BIN_018,Malpe,61,36.78,25.67,32,13.375596,74.737794,Normal
2026-08-10T04:03:53.288573,BIN_017,Udupi,10,6.22,27.02,40,13.379624,74.705957,Normal
2026-08-10T04:04:53.288573,BIN_019,Kundapura,56,36.2,25.17,83,13.346541,74.799855,Normal
2026-08-10T04:05:53.288573,BIN_001,Malpe,23,15.75,39.55,49,13.312241,74.739286,Normal
2026-08-10T04:06:53.288573,BIN_005,Malpe,30,18.34,26.64,56,13.351108,74.766898,Normal
2026-08-10T04:07:53.288573,BIN_014,Malpe,95,52.63,25.52,37,13.333329,74.703057,Overflow Risk
2026-08-10T04:08:53.288573,BIN_012,Udupi,88,55.96,38.93,63,13.300498,74.776004,Warning
2026-08-10T04:09:53.288573,BIN_001,Malpe,50,21.43,38.07,94,13.312241,74.739286,Normal
2026-08-10T04:10:53.288573,BIN_001,Malpe,70,46.21,26.42,43,13.312241,74.739286,Warning
2026-08-10T04:11:53.288573,BIN_014,Malpe,39,19.34,32.81,62,13.333329,74.703057,Normal
2026-08-10T04:12:53.288573,BIN_019,Kundapura,45,35.8,26.76,95,13.346541,74.799855,Normal
2026-08-10T04:13:53.288573,BIN_004,Manipal,71,49.74,29.15,68,13.370795,74.705158,Warning
2026-08-10T04:14:53.288573,BIN_008,Udupi,66,40.03,30.96,71,13.386612,74.743895,Normal
2026-08-10T04:15:53.288573,BIN_016,Brahmagiri,88,61.73,37.46,66,13.344545,74.718646,Warning
2026-08-10T04:16:53.288573,BIN_017,Udupi,48,33.28,36.34,46,13.379624,74.705957,Normal
2026-08-10T04:17:53.288573,BIN_014,Malpe,20,8.67,32.28,69,13.333329,74.703057,Normal
2026-08-10T04:18:53.288573,BIN_004,Manipal,56,28.45,35.79,43,13.370795,74.705158,Normal
2026-08-10T04:19:53.288573,BIN_020,Malpe,56,27.35,27.71,76,13.33064,74.707462,Normal
2026-08-10T04:20:53.288573,BIN_018,Malpe,68,46.51,30.1,98,13.375596,74.737794,Normal
2026-08-10T04:21:53.288573,BIN_012,Udupi,31,22.01,32.89,47,13.300498,74.776004,Normal
2026-08-10T04:22:53.288573,BIN_016,Brahmagiri,49,19.68,31.15,42,13.344545,74.718646,Normal
2026-08-10T04:23:53.288573,BIN_007,Manipal,80,53.77,37.61,41,13.340145,74.721582,Warning
2026-08-10T04:24:53.288573,BIN_004,Manipal,75,43.03,34.53,95,13.370795,74.705158,Warning
2026-08-10T04:25:53.288573,BIN_005,Malpe,99,70.93,29.02,73,13.351108,74.766898,Overflow Risk
2026-08-10T04:26:53.288573,BIN_014,Malpe,94,67.11,37.06,28,13.333329,74.703057,Overflow Risk
2026-08-10T04:27:53.288573,BIN_004,Manipal,96,40.33,34.33,21,13.370795,74.705158,Overflow Risk
2026-08-10T04:28:53.288573,BIN_016,Brahmagiri,94,54.89,37.22,65,13.344545,74.718646,Overflow Risk
2026-08-10T04:29:53.288573,BIN_015,Udupi,21,13.0,27.12,86,13.361485,74.77039,Normal
2026-08-10T04:30:53.288573,BIN_018,Malpe,21,10.38,34.47,28,13.375596,74.737794,Normal
2026-08-10T04:31:53.288573,BIN_011,Udupi,78,56.92,37.05,83,13.327527,74.745716,Warning
2026-08-10T04:32:53.288573,BIN_011,Udupi,15,11.07,35.5,51,13.327527,74.745716,Normal
2026-08-10T04:33:53.288573,BIN_014,Malpe,42,30.2,34.45,81,13.333329,74.703057,Normal
2026-08-10T04:34:53.288573,BIN_014,Malpe,53,38.1,30.01,68,13.333329,74.703057,Normal
2026-08-10T04:35:53.288573,BIN_020,Malpe,49,21.17,29.5,68,13.33064,74.707462,Normal
2026-08-10T04:36:53.288573,BIN_002,Malpe,19,10.72,27.06,58,13.386811,74.702684,Normal
2026-08-10T04:37:53.288573,BIN_012,Udupi,60,45.78,29.71,60,13.300498,74.776004,Normal
2026-08-10T04:38:53.288573,BIN_005,Malpe,53,22.71,33.4,44,13.351108,74.766898,Normal
2026-08-10T04:39:53.288573,BIN_015,Udupi,14,7.02,34.82,86,13.361485,74.77039,Normal
2026-08-10T04:40:53.288573,BIN_012,Udupi,49,35.49,27.67,83,13.300498,74.776004,Normal
2026-08-10T04:41:53.288573,BIN_003,Udupi,64,34.67,39.65,54,13.36047,74.748956,Normal
2026-08-10T04:42:53.288573,BIN_007,Manipal,42,25.91,34.38,42,13.340145,74.721582,Normal
2026-08-10T04:43:53.288573,BIN_014,Malpe,88,69.9,37.04,79,13.333329,74.703057,Warning
2026-08-10T04:44:53.288573,BIN_005,Malpe,64,47.0,25.67,49,13.351108,74.766898,Normal
2026-08-10T04:45:53.288573,BIN_019,Kundapura,12,8.73,30.39,91,13.346541,74.799855,Normal
2026-08-10T04:46:53.288573,BIN_002,Malpe,16,8.4,27.13,85,13.386811,74.702684,Normal
2026-08-10T04:47:53.288573,BIN_009,Kundapura,22,13.21,37.26,91,13.352052,74.799791,Normal
2026-08-10T04:48:53.288573,BIN_020,Malpe,82,59.25,32.08,92,13.33064,74.707462,Warning
2026-08-10T04:49:53.288573,BIN_012,Udupi,47,30.38,31.79,20,13.300498,74.776004,Normal
2026-08-10T04:50:53.288573,BIN_007,Manipal,41,27.05,29.12,53,13.340145,74.721582,Normal
2026-08-10T04:51:53.288573,BIN_017,Udupi,30,21.52,35.11,55,13.379624,74.705957,Normal
2026-08-10T04:52:53.288573,BIN_004,Manipal,28,11.49,39.82,46,13.370795,74.705158,Normal
2026-08-10T04:53:53.288573,BIN_007,Manipal,46,35.01,36.46,59,13.340145,74.721582,Normal
2026-08-10T04:54:53.288573,BIN_013,Brahmagiri,29,17.9,37.29,65,13.314129,74.74159,Normal
2026-08-10T04:55:53.288573,BIN_009,Kundapura,99,63.11,36.71,55,13.352052,74.799791,Overflow Risk
2026-08-10T04:56:53.288573,BIN_011,Udupi,18,10.57,29.77,88,13.327527,74.745716,Normal
2026-08-10T04:57:53.288573,BIN_006,Manipal,13,9.39,31.21,87,13.389592,74.795714,Normal
2026-08-10T04:58:53.288573,BIN_012,Udupi,46,32.27,26.44,92,13.300498,74.776004,Normal
2026-08-10T04:59:53.288573,BIN_010,Udupi,34,13.78,29.71,34,13.328038,74.706134,Normal
2026-08-10T05:00:53.288573,BIN_002,Malpe,33,17.77,26.9,67,13.386811,74.702684,Normal
2026-08-10T05:01:53.288573,BIN_017,Udupi,83,41.2,33.45,80,13.379624,74.705957,Warning
2026-08-10T05:02:53.288573,BIN_009,Kundapura,91,46.78,37.72,90,13.352052,74.799791,Overflow Risk
2026-08-10T05:03:53.288573,BIN_009,Kundapura,53,39.43,28.5,53,13.352052,74.799791,Normal
2026-08-10T05:04:53.288573,BIN_017,Udupi,93,72.83,33.44,27,13.379624,74.705957,Overflow Risk
2026-08-10T05:05:53.288573,BIN_002,Malpe,31,14.24,36.12,60,13.386811,74.702684,Normal
2026-08-10T05:06:53.288573,BIN_015,Udupi,13,8.21,25.53,69,13.361485,74.77039,Normal
2026-08-10T05:07:53.288573,BIN_007,Manipal,49,19.7,38.13,27,13.340145,74.721582,Normal
2026-08-10T05:08:53.288573,BIN_016,Brahmagiri,59,29.91,27.31,52,13.344545,74.718646,Normal
2026-08-10T05:09:53.288573,BIN_020,Malpe,18,8.79,29.33,32,13.33064,74.707462,Normal
2026-08-10T05:10:53.288573,BIN_020,Malpe,89,68.45,38.36,56,13.33064,74.707462,Warning
2026-08-10T05:11:53.288573,BIN_002,Malpe,68,48.2,34.8,98,13.386811,74.702684,Normal
2026-08-10T05:12:53.288573,BIN_015,Udupi,50,35.5,39.84,100,13.361485,74.77039,Normal
2026-08-10T05:13:53.288573,BIN_018,Malpe,91,52.64,27.77,84,13.375596,74.737794,Overflow Risk
2026-08-10T05:14:53.288573,BIN_007,Manipal,68,52.53,36.41,61,13.340145,74.721582,Normal
2026-08-10T05:15:53.288573,BIN_005,Malpe,47,33.26,27.04,83,13.351108,74.766898,Normal
2026-08-10T05:16:53.288573,BIN_012,Udupi,98,66.69,36.86,30,13.300498,74.776004,Overflow Risk
2026-08-10T05:17:53.288573,BIN_013,Brahmagiri,21,10.2,28.39,42,13.314129,74.74159,Normal
2026-08-10T05:18:53.288573,BIN_002,Malpe,93,60.18,27.49,44,13.386811,74.702684,Overflow Risk
2026-08-10T05:19:53.288573,BIN_009,Kundapura,26,15.61,29.68,22,13.352052,74.799791,Normal
2026-08-10T05:20:53.288573,BIN_007,Manipal,65,42.06,32.82,20,13.340145,74.721582,Normal
2026-08-10T05:21:53.288573,BIN_003,Udupi,26,11.24,33.85,70,13.36047,74.748956,Normal
2026-08-10T05:22:53.288573,BIN_007,Manipal,26,18.84,25.67,76,13.340145,74.721582,Normal
2026-08-10T05:23:53.288573,BIN_017,Udupi,83,63.27,37.36,56,13.379624,74.705957,Warning
2026-08-10T05:24:53.288573,BIN_014,Malpe,22,11.28,34.42,52,13.333329,74.703057,Normal
2026-08-10T05:25:53.288573,BIN_012,Udupi,35,15.78,34.41,25,13.300498,74.776004,Normal
2026-08-10T05:26:53.288573,BIN_017,Udupi,28,12.94,27.8,80,13.379624,74.705957,Normal
2026-08-10T05:27:53.288573,BIN_006,Manipal,31,16.85,35.27,57,13.389592,74.795714,Normal
2026-08-10T05:28:53.288573,BIN_007,Manipal,87,54.01,35.43,59,13.340145,74.721582,Warning
2026-08-10T05:29:53.288573,BIN_010,Udupi,100,63.09,36.53,24,13.328038,74.706134,Overflow Risk
2026-08-10T05:30:53.288573,BIN_009,Kundapura,61,26.24,37.59,96,13.352052,74.799791,Normal
2026-08-10T05:31:53.288573,BIN_017,Udupi,26,10.71,25.13,71,13.379624,74.705957,Normal
2026-08-10T05:32:53.288573,BIN_018,Malpe,97,68.91,30.28,48,13.375596,74.737794,Overflow Risk
2026-08-10T05:33:53.288573,BIN_020,Malpe,90,45.32,35.17,69,13.33064,74.707462,Overflow Risk
2026-08-10T05:34:53.288573,BIN_019,Kundapura,13,9.18,32.29,99,13.346541,74.799855,Normal
2026-08-10T05:35:53.288573,BIN_009,Kundapura,11,8.63,33.3,39,13.352052,74.799791,Normal
2026-08-10T05:36:53.288573,BIN_004,Manipal,79,58.72,25.94,32,13.370795,74.705158,Warning
2026-08-10T05:37:53.288573,BIN_020,Malpe,20,9.67,34.69,84,13.33064,74.707462,Normal
2026-08-10T05:38:53.288573,BIN_014,Malpe,52,35.87,25.77,39,13.333329,74.703057,Normal
2026-08-10T05:39:53.288573,BIN_006,Manipal,26,17.76,25.32,82,13.389592,74.795714,Normal
2026-08-10T05:40:53.288573,BIN_016,Brahmagiri,18,13.15,29.33,100,13.344545,74.718646,Normal
2026-08-10T05:41:53.288573,BIN_009,Kundapura,82,34.62,38.29,73,13.352052,74.799791,Warning
2026-08-10T05:42:53.288573,BIN_009,Kundapura,36,26.21,27.63,48,13.352052,74.799791,Normal
2026-08-10T05:43:53.288573,BIN_019,Kundapura,32,13.94,36.56,78,13.346541,74.799855,Normal
2026-08-10T05:44:53.288573,BIN_008,Udupi,57,36.43,35.14,40,13.386612,74.743895,Normal
2026-08-10T05:45:53.288573,BIN_008,Udupi,34,16.94,38.8,77,13.386612,74.743895,Normal
2026-08-10T05:46:53.288573,BIN_017,Udupi,93,63.28,25.13,98,13.379624,74.705957,Overflow Risk
2026-08-10T05:47:53.288573,BIN_018,Malpe,29,22.22,31.24,79,13.375596,74.737794,Normal
2026-08-10T05:48:53.288573,BIN_001,Malpe,31,12.4,32.98,33,13.312241,74.739286,Normal
2026-08-10T05:49:53.288573,BIN_015,Udupi,12,9.22,31.18,84,13.361485,74.77039,Normal
2026-08-10T05:50:53.288573,BIN_012,Udupi,38,24.48,33.57,39,13.300498,74.776004,Normal
2026-08-10T05:51:53.288573,BIN_005,Malpe,40,28.85,39.25,81,13.351108,74.766898,Normal
2026-08-10T05:52:53.288573,BIN_017,Udupi,63,38.02,38.86,24,13.379624,74.705957,Normal
2026-08-10T05:53:53.288573,BIN_005,Malpe,62,48.41,25.21,88,13.351108,74.766898,Normal
2026-08-10T05:54:53.288573,BIN_017,Udupi,42,21.08,25.06,69,13.379624,74.705957,Normal
2026-08-10T05:55:53.288573,BIN_010,Udupi,100,76.52,25.09,72,13.328038,74.706134,Overflow Risk
2026-08-10T05:56:53.288573,BIN_004,Manipal,50,38.94,38.09,45,13.370795,74.705158,Normal
2026-08-10T05:57:53.288573,BIN_020,Malpe,53,23.35,27.61,83,13.33064,74.707462,Normal
2026-08-10T05:58:53.288573,BIN_007,Manipal,79,40.05,26.77,54,13.340145,74.721582,Warning
2026-08-10T05:59:53.288573,BIN_004,Manipal,56,33.36,26.07,66,13.370795,74.705158,Normal
2026-08-10T06:00:53.288573,BIN_013,Brahmagiri,25,10.52,39.53,24,13.314129,74.74159,Normal
2026-08-10T06:01:53.288573,BIN_002,Malpe,29,13.73,36.0,75,13.386811,74.702684,Normal
2026-08-10T06:02:53.288573,BIN_018,Malpe,29,22.37,39.47,75,13.375596,74.737794,Normal
2026-08-10T06:03:53.288573,BIN_005,Malpe,13,6.96,29.25,82,13.351108,74.766898,Normal
2026-08-10T06:04:53.288573,BIN_019,Kundapura,45,26.51,36.99,52,13.346541,74.799855,Normal
2026-08-10T06:05:53.288573,BIN_003,Udupi,17,10.88,32.55,26,13.36047,74.748956,Normal
2026-08-10T06:06:53.288573,BIN_017,Udupi,18,9.3,29.9,97,13.379624,74.705957,Normal
2026-08-10T06:07:53.288573,BIN_001,Malpe,36,23.45,29.71,80,13.312241,74.739286,Normal
2026-08-10T06:08:53.288573,BIN_014,Malpe,67,39.1,28.91,92,13.333329,74.703057,Normal
2026-08-10T06:09:53.288573,BIN_014,Malpe,51,31.94,27.98,83,13.333329,74.703057,Normal
2026-08-10T06:10:53.288573,BIN_001,Malpe,33,21.6,25.39,41,13.312241,74.739286,Normal
2026-08-10T06:11:53.288573,BIN_009,Kundapura,22,9.36,25.5,34,13.352052,74.799791,Normal
2026-08-10T06:12:53.288573,BIN_002,Malpe,85,55.84,30.76,39,13.386811,74.702684,Warning
2026-08-10T06:13:53.288573,BIN_002,Malpe,79,47.45,31.61,58,13.386811,74.702684,Warning
2026-08-10T06:14:53.288573,BIN_009,Kundapura,73,42.31,35.82,55,13.352052,74.799791,Warning
2026-08-10T06:15:53.288573,BIN_006,Manipal,62,37.85,28.96,55,13.389592,74.795714,Normal
2026-08-10T06:16:53.288573,BIN_004,Manipal,50,32.1,29.9,51,13.370795,74.705158,Normal
2026-08-10T06:17:53.288573,BIN_015,Udupi,93,64.15,37.33,72,13.361485,74.77039,Overflow Risk
2026-08-10T06:18:53.288573,BIN_008,Udupi,37,28.61,37.15,78,13.386612,74.743895,Normal
2026-08-10T06:19:53.288573,BIN_018,Malpe,47,37.43,28.33,55,13.375596,74.737794,Normal
2026-08-10T06:20:53.288573,BIN_002,Malpe,66,27.08,25.78,46,13.386811,74.702684,Normal
2026-08-10T06:21:53.288573,BIN_006,Manipal,84,53.33,29.73,59,13.389592,74.795714,Warning
2026-08-10T06:22:53.288573,BIN_012,Udupi,19,15.17,39.2,66,13.300498,74.776004,Normal
2026-08-10T06:23:53.288573,BIN_014,Malpe,33,14.09,39.38,56,13.333329,74.703057,Normal
2026-08-10T06:24:53.288573,BIN_006,Manipal,88,43.37,27.91,28,13.389592,74.795714,Warning
2026-08-10T06:25:53.288573,BIN_020,Malpe,20,12.03,35.42,94,13.33064,74.707462,Normal
2026-08-10T06:26:53.288573,BIN_012,Udupi,31,14.51,26.46,82,13.300498,74.776004,Normal
2026-08-10T06:27:53.288573,BIN_006,Manipal,66,33.45,25.64,66,13.389592,74.795714,Normal
2026-08-10T06:28:53.288573,BIN_009,Kundapura,85,54.56,29.09,27,13.352052,74.799791,Warning
2026-08-10T06:29:53.288573,BIN_020,Malpe,98,48.33,27.55,53,13.33064,74.707462,Overflow Risk
2026-08-10T06:30:53.288573,BIN_013,Brahmagiri,22,12.65,31.67,52,13.314129,74.74159,Normal
2026-08-10T06:31:53.288573,BIN_006,Manipal,96,71.25,29.4,24,13.389592,74.795714,Overflow Risk
2026-08-10T06:32:53.288573,BIN_012,Udupi,54,41.65,26.47,62,13.300498,74.776004,Normal
2026-08-10T06:33:53.288573,BIN_016,Brahmagiri,88,57.48,29.97,25,13.344545,74.718646,Warning
2026-08-10T06:34:53.288573,BIN_011,Udupi,92,70.73,28.95,90,13.327527,74.745716,Overflow Risk
2026-08-10T06:35:53.288573,BIN_019,Kundapura,93,42.5,25.83,57,13.346541,74.799855,Overflow Risk
2026-08-10T06:36:53.288573,BIN_011,Udupi,18,9.53,38.63,62,13.327527,74.745716,Normal
2026-08-10T06:37:53.288573,BIN_020,Malpe,36,27.14,32.7,60,13.33064,74.707462,Normal
2026-08-10T06:38:53.288573,BIN_005,Malpe,37,24.79,32.47,63,13.351108,74.766898,Normal
2026-08-10T06:39:53.288573,BIN_017,Udupi,32,13.25,33.59,58,13.379624,74.705957,Normal
2026-08-10T06:40:53.288573,BIN_018,Malpe,80,54.17,33.76,38,13.375596,74.737794,Warning
2026-08-10T06:41:53.288573,BIN_009,Kundapura,28,21.86,30.92,67,13.352052,74.799791,Normal
2026-08-10T06:42:53.288573,BIN_011,Udupi,61,46.57,31.4,65,13.327527,74.745716,Normal
2026-08-10T06:43:53.288573,BIN_005,Malpe,97,76.93,33.49,94,13.351108,74.766898,Overflow Risk
2026-08-10T06:44:53.288573,BIN_004,Manipal,29,21.16,32.16,73,13.370795,74.705158,Normal
2026-08-10T06:45:53.288573,BIN_020,Malpe,90,66.46,27.02,56,13.33064,74.707462,Overflow Risk
2026-08-10T06:46:53.288573,BIN_009,Kundapura,38,23.91,33.44,80,13.352052,74.799791,Normal
2026-08-10T06:47:53.288573,BIN_016,Brahmagiri,52,33.46,36.89,58,13.344545,74.718646,Normal
2026-08-10T06:48:53.288573,BIN_004,Manipal,32,13.1,37.68,57,13.370795,74.705158,Normal
2026-08-10T06:49:53.288573,BIN_002,Malpe,26,20.03,36.83,33,13.386811,74.702684,Normal
2026-08-10T06:50:53.288573,BIN_020,Malpe,54,22.21,31.38,46,13.33064,74.707462,Normal
2026-08-10T06:51:53.288573,BIN_019,Kundapura,52,26.31,37.51,36,13.346541,74.799855,Normal
2026-08-10T06:52:53.288573,BIN_004,Manipal,49,27.94,26.69,43,13.370795,74.705158,Normal
2026-08-10T06:53:53.288573,BIN_016,Brahmagiri,72,44.03,26.78,45,13.344545,74.718646,Warning
2026-08-10T06:54:53.288573,BIN_008,Udupi,15,6.45,32.2,70,13.386612,74.743895,Normal
2026-08-10T06:55:53.288573,BIN_019,Kundapura,40,31.69,25.25,29,13.346541,74.799855,Normal
2026-08-10T06:56:53.288573,BIN_006,Manipal,76,53.58,39.72,25,13.389592,74.795714,Warning
2026-08-10T06:57:53.288573,BIN_005,Malpe,70,40.35,32.57,33,13.351108,74.766898,Warning
2026-08-10T06:58:53.288573,BIN_020,Malpe,85,48.24,36.09,81,13.33064,74.707462,Warning
2026-08-10T06:59:53.288573,BIN_019,Kundapura,95,62.83,29.16,27,13.346541,74.799855,Overflow Risk
2026-08-10T07:00:53.288573,BIN_017,Udupi,70,28.5,26.92,36,13.379624,74.705957,Warning
2026-08-10T07:01:53.288573,BIN_012,Udupi,27,13.87,37.07,38,13.300498,74.776004,Normal
2026-08-10T07:02:53.288573,BIN_015,Udupi,10,4.48,32.32,51,13.361485,74.77039,Normal
2026-08-10T07:03:53.288573,BIN_016,Brahmagiri,43,20.54,27.05,59,13.344545,74.718646,Normal
2026-08-10T07:04:53.288573,BIN_015,Udupi,45,25.05,29.82,32,13.361485,74.77039,Normal
2026-08-10T07:05:53.288573,BIN_017,Udupi,25,16.73,30.87,23,13.379624,74.705957,Normal
2026-08-10T07:06:53.288573,BIN_015,Udupi,41,19.4,26.7,22,13.361485,74.77039,Normal
2026-08-10T07:07:53.288573,BIN_014,Malpe,70,41.55,35.67,99,13.333329,74.703057,Warning
2026-08-10T07:08:53.288573,BIN_020,Malpe,76,53.23,34.6,51,13.33064,74.707462,Warning
2026-08-10T07:09:53.288573,BIN_007,Manipal,10,6.51,39.97,20,13.340145,74.721582,Normal
2026-08-10T07:10:53.288573,BIN_011,Udupi,45,28.3,27.87,93,13.327527,74.745716,Normal
2026-08-10T07:11:53.288573,BIN_003,Udupi,32,23.81,31.59,33,13.36047,74.748956,Normal
2026-08-10T07:12:53.288573,BIN_009,Kundapura,76,39.8,27.83,59,13.352052,74.799791,Warning
2026-08-10T07:13:53.288573,BIN_002,Malpe,26,12.33,35.54,67,13.386811,74.702684,Normal
2026-08-10T07:14:53.288573,BIN_008,Udupi,56,41.91,33.16,48,13.386612,74.743895,Normal
2026-08-10T07:15:53.288573,BIN_019,Kundapura,88,67.81,27.1,38,13.346541,74.799855,Warning
2026-08-10T07:16:53.288573,BIN_019,Kundapura,57,24.48,29.13,90,13.346541,74.799855,Normal
2026-08-10T07:17:53.288573,BIN_014,Malpe,65,30.1,31.33,22,13.333329,74.703057,Normal
2026-08-10T07:18:53.288573,BIN_005,Malpe,77,33.76,36.42,98,13.351108,74.766898,Warning
2026-08-10T07:19:53.288573,BIN_001,Malpe,51,35.31,35.92,93,13.312241,74.739286,Normal
2026-08-10T07:20:53.288573,BIN_015,Udupi,83,34.95,25.56,100,13.361485,74.77039,Warning
2026-08-10T07:21:53.288573,BIN_017,Udupi,60,25.83,31.16,82,13.379624,74.705957,Normal
2026-08-10T07:22:53.288573,BIN_013,Brahmagiri,86,45.6,35.81,100,13.314129,74.74159,Warning
2026-08-10T07:23:53.288573,BIN_012,Udupi,11,5.26,34.15,73,13.300498,74.776004,Normal
2026-08-10T07:24:53.288573,BIN_007,Manipal,50,32.88,27.88,88,13.340145,74.721582,Normal
2026-08-10T07:25:53.288573,BIN_004,Manipal,41,28.38,38.99,65,13.370795,74.705158,Normal
2026-08-10T07:26:53.288573,BIN_009,Kundapura,78,50.51,39.22,46,13.352052,74.799791,Warning
2026-08-10T07:27:53.288573,BIN_001,Malpe,14,7.95,26.69,79,13.312241,74.739286,Normal
